UserID,Description,PostCount
e7b922f8-759e-4f67-9828-61ef8264f63b,,124
a371a30b-a96c-4a30-a4eb-38316cba3bbb,,2683
18a4e176-68dd-4da4-8a6c-d4ec07e20d22,,861
bc3e2c6a-f45e-4a73-9c50-6139c55b715d,,2755
26bd7aef-1266-47ce-bfe2-61b8bbe38c41,,421
2a6e6e42-1e56-469b-8973-135426bf95ce,,8501
a95b1de9-16dc-4071-8b85-1578389134e1,,794
0dde9eef-7325-44d3-b2b5-d219288f59ed,,19962
404cf46a-1800-4b07-a378-08e61799fe5e,,8322
3ecc9146-46da-4af2-9111-514fc2cd93de,,156
f8887cde-ac77-443a-848d-ba7f884139b9,,957
20ca9153-a1c3-4f7b-8a15-a69af09224cc,,1381
cd21dbc4-4550-446b-8f4e-7585383546c3,,10272
c95b8cd5-aee1-450b-89da-7c3f05eda5ba,,76
e677b7c8-5600-42d7-9d34-39a4c1cf77d5,,6368
9064a98c-c14e-456d-8c22-3d0764e173cd,,5206
22db5f02-5954-4cb1-b85c-8cd76be0609e,,2248
3b7a58a3-e036-416e-b773-6cf3dc1ac672,,12247
29eb06d0-064e-4ffc-8498-bf35d7ab1cb8,,783
54522759-4558-485e-a359-a8e7e71122e0,,2936
60005d53-707d-4e73-b944-52dd2816eaa5,,3211
2339da3b-120d-465a-92dc-e2f416ee0fd5,,559
a254b217-44ac-450e-b82e-8d806ab76976,,1298
5d15aada-892a-46ce-bd5d-9ef93d17dca6,,1509
a474e166-176f-476b-b063-76ff0adf7466,,970
1a6b8ff1-4487-4849-a7b7-f4f27f5f221c,,2329
4b3047d7-cc39-44f9-bad8-03a09d2ae645,,707
27b36817-3713-4bb1-883f-b0463616d260,,5825
7524a96a-b622-4219-9f76-1fccd9eee289,,2480
d0c6f59c-3666-4048-b491-27e511c1e482,,343
ee4439f7-38b6-42d0-b1a7-c181861390c6,,693
6dc00e0f-315c-451a-836a-fde1bfe2fc4a,,1673
505f3e57-1b70-462c-b80e-deb81e6bc791,,381
d09002af-a311-4865-9c17-301f122bbc9e,,944
fcbb9ca9-ccf5-4637-9727-6344b99a00e5,,1435
4222ae9f-dd96-46c2-8483-41f855f0a0b2,,10176
c368ff26-0f24-4770-a52d-dfb56c77fa3f,,3880
ce045857-357a-424a-be1c-d74c60548949,,3751
585095b7-203f-4df1-9af8-5f387bc888c8,,695
b5b04787-add8-461d-b3c0-f5037bf1e0aa,,1428
8c95493e-61f4-48e2-9b27-1614d77f69fe,,5004
6d4996c9-42ef-47f1-b22b-4dcc6587b653,,14776
b5120181-a365-4e92-a34b-ea26d1a33d9f,,3755
1390a445-b391-4971-8319-fa00fdad1f09,,36
4ce98ed3-4624-47eb-9144-aa544a8fe138,,4480
18b1eb31-ba87-4681-b0ea-cdf3548a3d5f,,3010
c89c66f2-2f54-4f4c-af5e-d114567d138f,,4258
3d98424d-db33-43ed-aab2-e9527234135c,,9619
9da369c0-3433-42fb-bd92-c9c1b76413a1,,6012
06dbd290-d0ab-4363-a6f9-8cabd4658a85,,15216
3cdb4d60-392e-469a-961d-6810ff55bdf1,,1314
f5f7edf1-bfb8-4737-a9ba-e4e485faacc7,,8531
463b0456-c4dd-4047-b8c9-d82665cb4b74,,40
d660d64f-a988-430e-acff-94aba0da8a6d,,117
f2681dc7-62e9-4ddf-b919-e012b2d92507,,884
0d73167f-8265-4012-b479-bfe2f2ebcb74,,349
595d067e-d3ff-4531-b0ce-5f8394df515e,,3046
bf051414-988f-4d2f-8b0e-15bdba54a492,,85
e33bbf3c-61c1-42e7-98f5-134ceec8185e,,274
099eba56-224a-4887-ad1f-c5efd486fd68,,538
33a39e1f-6adb-4ddb-9036-5cc0b24dcfd4,,67
7bdaa6b6-2306-4125-bae5-1b72d0df3952,,1753
df3b2c1f-bef8-417b-84b0-a6ff10cfb48f,,5346
50984c5f-f1ef-41f8-8d81-19e3503cfbca,,2401
9502349c-4972-4874-878b-60ebc83d5714,,145
6075078b-bddd-4cc3-b2bd-d1a47ccdf396,,1258
a1d5cebd-fbda-4957-b922-1f96cf552868,,4
2fe76be3-5d5c-43fe-9494-7425426daba6,,1106
644e17f7-40b6-431f-9f3e-3935b19571db,,4685
0ec7f313-b39f-4565-b151-486ec24b0b9b,,972
8d6a8dbf-66ee-4418-bbfa-2460ba67d772,,5288
5859bc54-13a4-40c8-914a-3335c9f508b1,,2754
ac576d62-0833-4519-9177-b0d0c371117d,,37
1979e5f9-3377-44d5-a448-b9cb82ebdd4c,,5763
bede41b2-4307-4ee4-aba5-96205ab21e29,,13926
35f8ea78-98c0-4201-91a5-46be478a210f,,5121
f5cfdab2-3767-404b-b630-52b35dd20796,,12081
248dfd4c-264c-4db9-8195-1143b0e16b95,,4241
a987e989-9fd5-481b-aa07-a6289c61f66e,,2228
ecfaa8e2-e966-4799-852e-921a6a23d74a,,747
9859e2d5-755a-4f8e-9d70-07c2562e4fd0,,316
e83df29a-a8d4-408e-ae7c-bccf83f77aae,,23823
d6219426-31ec-474a-ae21-fc934d1d966e,,16287
ed6eb00d-3f4b-4eed-87c8-e179d1bce17e,,4930
9ee977fb-33a5-4117-9c54-b727f5a9ea25,,49004
9d4dbcc9-ddcd-4da3-aef1-d7788e3586e9,,7685
530e5bda-acfc-4024-bc06-a7fd7b1d7646,,871
ed5293d8-98ba-419e-8234-4ca0163c6acb,,6548
3f6b4daf-8433-4869-98ff-2b3db37e825a,,901
4190f733-7cd3-4a6c-ac81-e24d26d80069,,2980
3ab8509e-eb3b-49c2-beee-e2cb0a19044f,,3202
3a610981-f3af-437b-b4e2-786386e4466d,,8124
839d388a-b9e6-429a-9ecf-f5a3eb4b26f0,,967
6808b7c4-57c7-4ec7-867d-01085a9a7424,,15
091962ed-79a2-4f27-aabf-3a0974b038a7,,3371
7dc18651-bdfa-4513-a1e2-685201102e79,,3209
b915e455-18d6-4fac-83df-91f284fa7e0b,,581
96a9f9d5-f38e-442b-aa9e-75f37fba3e83,,8
22492a48-4a13-41ac-b312-2c041eccca3e,,22284
1ec1d1dd-d0d0-4c5a-b885-58720d1435b7,,4694
bbbe1eff-e7f4-486c-976e-9f364894ed68,,1377
0d75a4cf-5d3b-4825-a431-215d51400c00,,1775
64a3b99b-fa8f-4083-956a-fc5ac020993c,,755
041d7222-9b4f-4407-a9c0-156af5d09db6,,2952
85a1ba38-2c97-4353-9089-a19c948a9034,,49015
f0de132c-bad8-40a7-89a6-0149c63b7f14,,2451
4eaa3f03-e99e-4468-a546-3a6ea9420a81,,814
5988bd13-6002-4f33-9894-e4ffab46fa6f,,2026
d1809905-d6ed-4291-89a0-c66d8cce92cd,,719
6b86ba93-8db9-4524-a1e1-332b56748781,,13027
41305358-cb96-459d-9b58-a2bc8c5dec0d,,9571
11870249-bb19-419d-b37a-cf403ac19f50,,145
4c0783b9-16fd-4107-a74b-63debac55c61,,5817
0688a677-b85b-4dad-bd3b-b6b5dac7ff09,,653
7da42b98-6df4-4a67-92a1-26efcaa988aa,,711
1374817a-b228-4387-82ce-874c322939ba,,1260
c4c4f115-23a8-41e4-a34c-ff465af89b6d,,3378
91859e9a-b369-4408-bd64-221b8bbe6955,,2079
4454c959-5a79-4e1e-9e50-f6524a286dd3,,1769
9480b36d-abdd-4217-830a-e8d7d3dd050a,,2889
51529d1b-be44-4737-8302-2460140c2e1d,,3665
07e76050-aa0a-4002-a980-6e0126b254b0,,10740
f6be6ac7-5220-4dd9-9ce3-b3da7261b005,,16205
7731f052-7ed7-4e0d-a96d-ad77a790c92d,,8902
9ee12023-1831-4280-bc6a-4502eb65b2ee,,39
8e0e8777-1fa3-4e82-b5ea-6cfd048ce1f4,,30145
b2f9f13d-9799-4b49-82ed-e7aeaf8237a7,,3316
775b368b-79ef-4756-bfca-a00a3a94e4e7,,7801
c3f4e9d4-259d-4444-b3c0-406cfc357f83,,17006
00145fb9-735a-4433-ae9d-403c62082ca1,,1466
9b1ce68c-9a99-4770-a891-c78e593deaf2,,5589
5b5245a4-d776-4983-8cf7-9096bb655801,,3730
8d765300-5cfb-4b29-889b-8b353fa7b9f2,,126
fb20d45a-0e90-4a7f-b350-818bd7ce30e2,,8751
f435c779-47bc-4520-ac98-c61a1fb7fa0b,,36
4ee0ec35-9075-41d0-b3db-8bfcbcd25f6f,,31
ee6c146d-15b3-44e8-a8c2-e18ecb8ed7ef,,125
d7f8bae7-2233-4574-a59b-f36af983f445,,541
bc43407c-c8ba-416f-b4ef-a41cc2d30c36,,784
5d2f8ac2-2c92-46fa-85fb-52393458e02c,,637
b9573012-1da6-477d-ad6d-a0bc67b542ee,,7813
d8e63397-52be-4d14-92b4-f1db338459fb,,10911
da2bef88-edbf-40fe-8b13-bc87aadef983,,10816
7540f760-4a67-4150-bcbe-b9548963599f,,876
d8a4d50e-4848-48ae-b8f9-d97376dace47,,579
11189875-498d-4d06-b62f-70f5baced7c5,,3516
67f44121-66ff-4568-9648-57b4402e97ea,,3525
f16a3e8f-a815-4cb1-9236-96c8ef3503fb,,1383
c6e542e1-cd61-4ac8-9c4f-7f51064e3b7e,,0
b7e1fa91-1cfa-4793-8b80-4eb4123c0205,,713
a0e8a3a1-cde3-4d4f-a1cc-8eb5f252de71,,19522
b255e4b4-f99f-4e99-8b9e-da50b2f555ba,,1609
11e4ca7e-6265-46b9-aacd-ca0118885a41,,2445
244c9df0-cdb2-4bd7-875f-61933937aa87,,7210
8b04456c-7d4c-4409-b85b-0f15acf08b08,,4074
5156c897-f41d-4a4d-bdb0-36ccf81cebd5,,4263
794171c0-7a4f-42ed-9f3e-2927774e1cdf,,1414
8bd4e5fa-d6f2-4de4-8fa1-084a3a6bbea3,,9770
1d84050d-a508-4d4f-9b53-480636007077,,1442
2c983ce2-9a3a-4e10-8a4c-f6c20bd4d43a,,3442
af74c6bc-e7e1-4f6d-8673-7ad939eea279,,1226
b1948295-3419-4a61-81d5-69752d290c83,,7391
dba18fcd-2392-4265-be14-e69fe234b9fc,,1581
3c02b47f-27fa-4071-8456-de3a8d52b257,,7
932bda43-4b2d-4346-a1b0-dd3b6f9673d7,,9497
68f1dbaa-8783-4a44-9341-e834e5d4497a,,1796
412041c8-5e83-4a38-934d-175dccb1e2c8,,1160
6df33791-7dc3-4e1a-a28b-a21e340a90b0,,8
70a5115e-c7e2-41cf-8dc8-9750654a1be8,,1067
b4306dce-8197-4bf7-963d-0f9dd8ac9f0f,,215
09469a62-bccf-441e-9b20-0ce11aa37998,,3023
008c500f-a1da-4de8-ba45-822a93c0681d,,0
e53f27bc-a6ce-44a1-acf1-e5c94e0bdc6d,,71
b3c5ef2c-18f0-4084-bbcb-0bdc2af774ba,,1619
6c223fd1-7da8-4cd9-a88d-6fb1bea0bbb8,,2503
80cd5161-e9f8-4bf0-87ef-a9dacfee84ca,,23175
0a8667d6-d73a-4f37-ac05-b66f84f2c42c,,91789
bf8ccfd3-ab0c-4b4b-8ba0-767447c1546b,,5085
9c4c6736-0eea-4844-afb4-34d6db68eb29,,3836
fbbb3d5a-8539-4d13-bca3-245c0d820665,,3976
34901c2a-7f3d-42cb-8d20-6dbe1b5dada8,,1335
f7619808-fe8a-47e1-9ade-a7d706a73810,,10237
bb64dad6-73ee-494c-a39a-c5ce2825fb63,,1940
e75b8451-0998-4ebf-9dd3-deed8ee70f37,,1043
a438e820-8669-4d7e-80d2-35b9ef8b0677,,2490
7a2d9741-4879-4928-a685-af5534fbf407,,3839
7acdb8ea-898c-4e6a-9d41-395b31d99630,,97
e034eaea-a4e6-4cef-8988-a6b3efc42e10,,91987
cacf5217-fe63-4b92-9386-7e87fed64f17,,2160
30065afe-c432-45b9-a399-a9854cd6b2ff,,2010
b0790e93-a1ea-418e-a9e9-ef7870f76da7,,4191
1011c211-f000-4fa8-96e7-acadfa944da9,,16
f28c0cca-7973-4dfa-848c-3d16adecf580,,10673
cdecfd50-33dd-420f-9eec-9bee017d7562,,989
53fb2463-c027-4314-86ba-9a6109f480cb,,0
fc1b1af5-8cbe-49d6-b9f9-622751506d0d,,8
d5e5e29c-e31d-489c-873f-3340defc04ba,,1269
d90eb190-7629-4083-9df5-9085271fe7a2,,1448
d98457f0-9e2e-46f6-9d52-75d39161730f,,9078
7e352a77-2392-4894-8fb0-c1774a588676,,0
d98b0d87-1dc1-4d12-b591-c84ad2a58d07,,4385
066d4908-1dff-4a81-8dca-45b9a4b9600c,,2595
d13c5382-5cbb-4ce6-9d25-7c606d16b671,,1487
b4d857f0-b27a-4671-94c9-5147d49732a7,,2328
0beab723-8c83-4e6c-b3c8-1f07dbd80f98,,1536
695f87ae-0b56-497e-9f1f-009e6444c80f,,35777
fa991546-1477-4b8a-a141-5e2445df7920,,916
fc189ec3-aadd-48b4-8f07-268af3da474f,,15222
2b20898a-cb74-431c-b30d-6f40195f7792,,8150
663800b2-3ef9-43f4-8e08-d74f278d8faa,,105
eb4685ff-0dd3-40ef-9459-b918ed248d60,,293
272e216b-ab53-4fe2-8fe5-51a067abfc89,,957
d6d61445-e22a-4a3e-a271-944fe928a90a,,376
8f1da7ca-9c3b-4e74-8e9f-0375129e4780,,1101
c9fa9fff-8b68-4316-8006-0560b7d1665b,,21569
d9f59220-0b05-464c-8553-eaeecc264606,,256
117ba8ce-606e-47fd-af7c-df5c456f6010,,88
d5b571c8-77e8-4702-b633-d021d4a357b7,,4735
d211702e-bb8a-4392-8f06-70684829e091,,919
8552a453-511c-4ecd-804d-ea2938edd87b,,7232
910b4a2a-99b4-4fb6-bea7-2e9fe44e7733,,8348
04dfcb91-6546-4293-bc9c-21c498bf5708,,3337
e328c343-3f53-453f-b3d7-2a895435e5e1,,3902
7d8ac01b-d1e0-420f-ba4c-844ba487bcf0,,532
a88f93af-26fa-47cb-8f62-0f003813a48f,,1
042f1017-61b1-4af5-a6d2-946fb7151e9d,,2001
d7d6a2ac-d7ad-4a86-b17e-e07bf34c9851,,184
b4af0cd4-117b-439a-91aa-11f9de20a6f6,,5023
ba3b9fef-c747-43a1-bf25-a66640702fed,,2252
31e85558-4aba-46ce-9e4f-6fdff7add1fc,,1180
c90111b8-a0eb-4890-a7aa-f93871b79269,,1300
996af55a-7e1d-4d6e-85eb-5df5ff97ade9,,280
bea322d0-e74b-4f5e-95bd-c3ef46833835,,5901
55baaa9c-f75c-4f2d-9400-01ff6e2399ca,,98
501e3fa7-a016-4388-bef4-255247eecaa6,,15503
a973d3ea-eb85-4bac-90ff-512818ebf0cf,,3424
06e939d9-0200-4c99-aa06-7e791b0549f8,,263
102dd767-f5c9-4325-b091-8a750fa82e0b,,3851
7cb1ff31-edeb-473b-bd28-a4c7c6fb39ad,,705
22fd970c-5a71-4b1f-9887-05925c077f2f,,70
80b12a5b-035c-44c1-a5d5-7b9c1b28c11e,,5066
8b55d36e-781e-4b26-96b6-c89879826b9b,,190
af03faf2-cffe-4181-a15b-f7a394dc7b44,,583
200da863-3124-4a14-b7be-442443680d82,,3
e5ef2f5e-349a-4ec7-8ede-e12ffa9506bd,,887
46ae873c-c1c5-49c3-8de5-f1c8ae8bb4eb,,1938
da11a3e4-e966-4ac1-96be-0f1852050c2e,,178
25237c26-a4ea-44d6-b3b8-323133bb3196,,241
95dc480a-71e7-464e-88ec-4a3f499c955e,,3174
ce5dcc17-c9e9-4a5e-bebf-38eafac3b3ba,,4044
e1b5c303-2416-4117-9bf6-db204aa99ce8,,5215
8f71a56a-df99-490f-a19e-494159ef618d,,2245
4d805b94-c5a5-4eb2-9484-8d03e1eafa03,,120
62688255-0597-44b7-87c3-e671bbe73d86,,6247
46bea426-0c0f-4ad4-ae88-c23f620aed01,,379
3689fa77-88f1-4d78-a943-ed34605993c9,,1730
7c60307c-68f6-46b7-9070-6b0f6b3e080b,,5
6cb174b2-b6b5-47d3-8ac0-db84fd6257e3,,5942
67a10c98-8773-4a36-abaf-8b0b7d9d719a,,398
f1a8e565-4255-4ccb-8b8f-bd0e61bba21c,,162
2213ab8c-2db9-4ec1-9c7b-cfaf039e2aec,,5276
a1ba9578-a0f0-46a6-a30b-ba918151ff4c,,1838
86a2c9c4-10bb-4099-b566-30f7b5ee6df5,,669
295973b1-4b0a-4e39-aae0-9e62ae0abf8f,,13917
6aa803d2-bc53-4a6f-b04b-08b7a9e2b788,,2
8c242e2c-e5ec-41b0-8e00-b53b5081cfe0,,15608
43162361-fa30-473d-b940-9aa38e28678d,,2269
770406c6-456b-451d-8695-2e9113f74623,,130
4742e400-eb22-4fb5-9cb0-67245bba362d,,8952
3aeb2b48-9c8e-466a-ae42-794f82434cfd,,2563
38de6b08-22dd-40df-b7ab-362f76e18913,,1075
dfd3b51e-a4b0-4ad9-8b2b-5df9c860f8c8,,10137
724c205b-a2ae-485b-ba44-5768e8ba9641,,329
85dbf30e-66a2-4018-bffc-535676fbff52,,2
67d36ee3-88f6-4897-9871-13ffaf4aff27,,10723
ad47a52b-76fe-45b5-b659-1e86e23ad8df,,154
16cbbadf-2bb1-477f-b8ca-06844c194757,,996
36f8b5c6-6127-4426-bab6-26f578d9c972,,19
06d935dc-38d0-4736-89f9-c8ff29b8dfa1,,17211
42b6bb0c-3f9e-4081-97e0-9514816612b6,,4054
9cb5ba70-393b-49a4-82dd-4ef89bd22c29,,6865
454d4807-14ce-4f8b-8b4f-e427ff48196d,,2523
752413fe-77bb-4ad0-a1bc-18045340a8e7,,1528
2c2e344f-65ea-4b9b-807a-c729fe5c429b,,9085
f7b60057-a387-4e30-a2f3-b427f1200352,,235
8f300a39-ebc7-450c-a69f-96d5da10da49,,3886
214c17f4-d18d-4898-bcc9-b14e18bf2ea3,,12063
f7f0bde9-bc03-4879-b574-9dbfcf5ddc8c,,34
aebcffd1-72f0-4514-9e03-415ebf31cc05,,5762
61df8cb9-fc98-4cef-9b18-cf29b08df5d3,,15190
8553d8d8-2821-4cbf-9327-838ddafb0f1a,,2577
8945fc17-0612-4070-bf5e-f9f5244a192f,,4467
e9001f56-b97c-4ee0-8c2e-ec734efd12d5,,6915
191ef8fb-8e37-452c-9aa4-31e0ca3e91b4,,4440
7260d932-9efb-4bfc-bb72-85b445975b30,,1347
be669e95-8f7f-4a54-9d08-05bbbf218eae,,622
e82dde16-e8be-4cd4-af18-84b7ee5ad843,,1504
4b785e07-9268-4cf7-a23f-24f136173432,,735
01f15323-58df-40a2-8a5a-ee9a5cbba948,,2316
c26a69e3-fb6c-46e6-9f79-96d865ef105a,,2221
6ecd6ae2-010b-4db0-a153-5cec214240ef,,2914
8bbbf6b5-6fc4-4380-adaf-666379349eb7,,1670
78af1c92-9554-4d23-be1f-f9bc51657d9f,,266
41c2c307-0035-472d-beb8-528581a4b801,,554
0ec09726-055f-4352-9ac9-ac2d9de81f62,,301
89aa5556-149c-494a-aba4-09ad448f040f,,4962
bc8987d8-5b01-455a-8ba4-f90f4c0f1185,,464
3335e7fb-a974-47be-92e2-92ad9d3b2665,,1668
9ddbe4d9-c46d-4727-acf2-d9d31878b5db,,86
881c4770-8829-4f86-9e51-01a8bd6d1989,,353
1485cbe5-6c3f-4bbe-8096-eeed82dc09ea,,31
64a4f102-a187-473b-8380-9c818fba8dba,,262
7660f3f5-076f-4360-8d67-0c13c2f3ab3d,,3957
8dafd6a7-4e00-4029-93e6-b4e9180c013b,,15823
4693d974-2dd2-4d72-b997-a7ce3a3988d3,,361
a30aa2ad-5f4c-46fd-833e-fc89f5f8e470,,5519
c9efe7a1-ff5c-4d1b-b492-fa626a6211a8,,6
b580d84c-c83f-435c-b6db-48ce49bc9ca2,,13261
18ea9129-2fc2-4003-bdc7-1d32b21845a3,,16
464ca69a-3071-46f6-9e62-b02efec97102,,10695
bab68846-1955-4f30-8780-d9a46d1a8642,,586
ad9900a9-766e-42e9-aa0f-d636e8cbb20b,,325
a28c73d8-85be-4ddf-b97f-6c1a990bc3d3,,13217
0f36a776-3684-4973-9760-1ce23cf0e852,,10963
1396da80-1f76-4742-a05a-4973e4940bff,,406
f181e74d-0973-4331-aa83-1b978cbf24be,,308
a749f347-4e00-4fdc-8d0c-6d3aae51a9b7,,288
3fc2cda3-f1b9-49e6-ac84-ea71936e4d4a,,1757
cb60c8f5-c731-4555-8fc0-eaa5476adda4,,30878
232171f8-f3d6-4697-9303-6ba6ca2b2363,,871
28f71349-e216-477e-9d1c-f9a735e29c25,,770
7ba0b0ce-5b45-4c89-a33f-e86072d2f6e3,,101
5bb8cbbe-e2d0-4019-a210-15ce6d38c979,,3
22d12e7c-020c-4631-a59b-da501f0bf6f7,,2071
a76162f1-46e3-4b20-8854-33af4ef5f2dd,,106
fb7c26d7-3773-41dd-af72-078515c7d1f7,,90
2067e9fd-b23c-4bfe-97f4-eb89b75c8b7c,,106428
c91f9c8e-0697-4330-99ee-5d00cd0c1a98,,15880
59dd681f-ac9b-4fee-805d-df1e3907151f,,748
49a54e92-68d7-470e-9fb6-565ddc2b3626,,14928
8faa46a1-1f2d-401b-bd2f-f0205f44a550,,2193
205efd99-ace8-4da6-93ab-aa8ec586c45a,,15639
d0b179b6-78da-4363-91d2-f027c2ade9ab,,2730
a093e079-691a-4509-884a-feb97fcd489e,,2056
10d5307e-13b7-4cef-a28a-bc3d776b5cb9,,2080
ffe90ae2-3428-4ded-a783-79f7a1440a1d,,7823
acdc4aaf-7057-43ab-aa85-9ec1326dd251,,13724
aeabe415-bae9-4c31-b9c5-15c045074225,,18061
d58e4d0b-0a63-45d5-a044-81fd48712d74,,1367
f1e51209-3b87-466f-91fe-0ec0bfb86eee,,4125
4768dedb-c0a0-4a67-8d10-3f25d965f93e,,64
19f37967-853b-43fb-8356-18ee5ffed22f,,17838
6778fe9d-41d3-42c0-8642-6c65338ab2d7,,5068
6898b9ff-af7d-48fb-bfa2-7bf7f29b1da4,,3802
6f253718-9549-493a-8bba-038a7eecfec1,,600
11281f53-ca0e-4b2e-9463-3d095f7bdf80,,1447
c822b9b1-c512-4e21-af7c-fe50b08f7e6c,,2185
ced50fda-6d05-42d9-b0c7-3a1ff2afafc5,,6854
349c0e20-2da8-4dce-bea5-b531e4147223,,7210
37df3410-eda7-4b1a-a856-88e4012fa0a9,,1953
2defe029-b409-48e0-b496-462d305a5923,,1731
4f3bee4a-32a3-4667-a4e8-91f5ccd0f0cd,,342
e83ec450-195d-4c4f-8926-7900518590e8,,4351
358f0887-f099-4257-9953-a0898919bf9d,,8312
9c60bf93-c7af-4de1-8977-932b945b5243,,798
005565f4-6039-4f72-8ea1-a9d4b2554343,,15106
a10cd0b1-4dae-4b1e-8956-e17f1f3c1aa5,,1191
92cdf1d6-1132-4f5f-ae6e-8ce104fd297c,,32
911c7cf1-1fea-4ea8-a2bb-f807fc55b397,,13185
d80cca44-cb0f-4756-a93f-86369e0bed87,,1164
af341a42-338d-4859-b17a-bdea82b1fccf,,431
84025aa6-75db-4d82-a394-d0b190cea67c,,773
489d00cd-5f14-4b8c-81e5-cc2b1c66ceda,,5021
0c42e34c-09bc-4b8b-9bd9-31b7a35a6e9c,,2447
2eec44fd-519d-407f-b844-1ac548e375f8,,255
ffa73637-7deb-4a27-b26a-d1beca511eb4,,9073
a577ac34-d241-49f7-8356-6abb4251c19a,,7761
14316716-6d71-4a80-8b8e-7674dfde2279,,366
7c2aad5e-1eaf-4679-80de-8670abc6c745,,6372
21896f87-d2ae-477d-bfae-e7b2d39b4928,,8347
0c985037-d320-4135-8ea7-f21be08eb365,,708
f2cae9c2-912d-41fb-a75c-5401606d14c8,,2907
9f394c68-e992-4902-85c7-f86c97afa2b9,,1627
c49527ea-ab50-422e-b103-e052fb4207fa,,3849
d3d5c085-877d-4173-95c3-c0c7942c5a4d,,2042
aaab958e-a2a0-4936-a763-9bf6ad955809,,2267
d6e71b18-35a2-44de-ac4a-de3db02a04bd,,1936
f4be2d61-08d0-4893-8741-64aa88e15da2,,8199
ea1eb3fa-89e8-4c53-be05-bac37326d410,,3941
303f3c4c-cc8b-41e5-92bc-0a914e18907b,,6029
ed2d2978-5cbc-4e7c-a423-d40389f84b1d,,2232
b82c3776-31c9-4621-bcbe-33cb79188cb6,,53
70464c64-3f4d-4ec7-8d44-caf1155a7006,,25
4ac7b507-9dfb-4ce1-a709-b3c3b68c7f52,,716
9e30bdc0-c8bd-4d1c-9d1e-88f83f86e1b0,,1956
ab0b1f10-024e-4179-8af0-e366a8717f96,,405
fddfa3fa-4720-4985-a577-066f9e01c0c4,,381
b12220c6-f4f3-41c5-8675-f0ed5c6add72,,9268
8459b4ef-4a58-410e-b4ac-88177447717f,,7460
9d70495a-7f96-4753-894a-e0c5b8e24d46,,10599
f001f492-7d65-4fda-b0eb-50a9e80e4ce8,,372
43283a48-d3e7-4ae4-bdb7-2665e99911a5,,636
5e265204-5bce-4fbe-8cb1-986a4d2a71bb,,1717
f9ef37c9-191e-460b-9aa8-2eaf9a098b26,,783
53b44b66-79c7-43c9-ae7f-c074fdeda25e,,4750
596ea18e-0ed3-4b89-a056-440f025c5e93,,2605
d9b1c10f-44ec-4b94-beb6-be90ce632e7b,,30617
8047ff12-5d13-4fe6-8ba9-a41d7f9468bf,,1322
f1e52032-e3f3-443d-b504-5d2df4655dfb,,1534
b7b32a09-dd62-4ae1-9dbc-a633826fae46,,754
c0507a29-d4ec-4205-b306-89f2a323c914,,6754
e8aeac68-63dd-4df6-b9b6-5c70462f2a2a,,2933
78763c97-bd2d-4df5-a86c-a28432f0bf80,,1344
78fe3ec4-83f2-4642-86ff-066165c42b8a,,322
bc079ac6-814f-417c-ac41-cde43a191712,,295
1d78c55a-1b29-4ef7-a1a3-5a4483313c36,,3095
71b702c2-09f2-44d7-9c5c-e9a3e9d9d60c,,13933
39f5a010-dd5e-49ea-a45e-1d1d743d3555,,753
23e44ff7-681b-4b36-b88c-6a3da122a69c,,270
28fe4cc6-2bfa-4a61-bc0f-361c6e4601ba,,135
23bb57e3-9302-4252-acb7-c1b148d71b4b,,2182
72e0adc9-c62c-49ac-b39e-a3e7e6acaf26,,2570
acaafb98-ea51-4a57-a19a-6cdc2ec3f978,,352
39aa1bb8-52d5-4326-a263-5a062cfe01e1,,1862
9dbde3d4-eb13-466a-91fc-32c1a831e38a,,5644
41b10bc5-9ad3-4443-b5fb-72f77dc8ccc8,,3879
05636e55-df95-4b60-885c-100aba3f5965,,1039
45d3e39f-062b-4d78-98e0-3c58de9bc954,,1739
32e41533-93c6-4307-ba6b-7dcac3d056f5,,2324
0dd892f5-05db-430f-82d5-2d4c2ba5a174,,5420
9032a2c6-e981-412d-8c6a-91c30565b63e,,4028
66519b7c-35ce-4719-a9b0-af6018bab65c,,242
10f0785b-bd72-4224-9578-920dc350bbc6,,8962
a601e380-aef3-447b-af7a-d326c602af97,,7284
ac3f6d64-0996-446f-aecb-2d0612651ef2,,19755
d2af611c-4863-4846-80f9-19a1d501d1e3,,1287
bdf3b9a1-1d52-4819-9d2b-e3f356ca08a3,,34909
bdbe4701-9ca1-4797-8dbf-a0c9f86607c4,,7279
6a414b76-bb70-44c8-bdbd-30375f306ab6,,244
fb7c152d-f437-4d3d-a4c2-9c737c6be063,,785
8e10fa06-fc71-488a-a3b9-3a8fce4dcf83,,899
f6907223-0592-4b8b-9939-13482e90d3f7,,63
f3cb32da-9176-4528-b890-18e08ed04b69,,71
ed55987b-8ab8-4d8b-ad2f-b94e6310eb08,,328
502cddb0-7f1b-4b19-95af-f19fac0a0dd6,,1
226a8665-16e0-4ac2-8c12-4015d5f8655d,,35
4a36c55d-543c-48c7-a662-176467ec1333,,4
42828042-a39e-4221-9e06-f6d50e278209,,3
32015158-bed2-4448-bc16-31a5966194ff,,212
4c55f4d0-5aa0-46d5-98fc-85347f7ce534,,2444
a0291ff4-ca6f-4f41-abf4-43c87719183c,,955
b9d43bb0-ad6f-4d69-8e35-711e1b12f19e,,808
645502b0-7297-4599-a774-1bd65ece5f52,,4017
556683c6-3c7e-42f2-9380-75127dc88c3e,,370
8fb4f14a-9474-4a33-a979-e21f46f44d57,,3596
c9a918e9-7899-45ae-a234-695c2e1af965,,76
b5bb7e2e-17e1-495b-a5d3-0b075347581d,,1352
dc5b6b33-c76c-411b-9ed7-0df31324ad0a,,6147
09953d09-2346-4764-975d-af2088a95344,,18745
3636350d-cca8-41af-886f-3e8f40317da0,,7063
8b1d51d5-b63d-4461-9f71-04207482d989,,2316
de71eecd-9527-455b-b17b-5e0baf41ad28,,16947
040bb4df-3a7e-4c0b-8dbd-a23e0d0ebb5b,,8877
e9571f02-c173-4fba-a241-e6d7dfd2f35d,,110
dd0994fc-1f6d-4389-97a5-7fab153945a1,,3684
ac1e1310-b4a0-4012-8c27-dd1b533f3780,,14043
404bcf2f-e8f7-442c-89d5-f0cb306aca3a,,889
fec89bb4-b394-43b7-a725-ead38ba55cbf,,24167
89496571-4d1e-416b-99f2-c381654c4c20,,3608
6216cddd-8e3c-47e3-9a6e-f215dd2477d2,,135
1a2d2c61-77aa-4fb5-9d41-861e5e1bc6e3,,356
feb07790-67d4-478b-adb9-5130e12efc98,,1887
3540145d-4abe-44be-a727-5da8f9e30d27,,2746
a26e309b-21b0-4eba-b45a-394239290023,,1874
fc70ca33-e5da-4ce4-a133-f64d418e19f5,,16297
3e2d2012-8c1f-45d6-95d0-3b27bb66dedf,,720
03a8b90d-c5b1-44a2-8fd1-febd016f397a,,7186
f56196c5-d5b3-4ab7-9e3f-85388794ca65,,4295
b636ad92-f8bb-4bc2-9537-1f4b9e72f75c,,54219
b293c7e6-2df1-4b04-952d-c1f4c0d0c9d9,,950
68d01161-d4ab-4c73-a23c-409fe1f0ad43,,9748
af7d9ad7-f140-4fce-9f86-a9ab03670d1a,,14211
664aef62-8d76-482d-b053-bf9eef492979,,10940
eb6c0500-6054-4ed7-98d7-c207ec0b0d72,,593
5a8cab53-6b9e-463a-b678-95d81802e6e1,,24
8311cbd9-56ec-4073-af54-8d6f84aa9063,,105
ec4d3726-6ed8-4cae-8489-e98b67939aab,,1174
1703838c-b0e6-47f7-bd4b-871b0d6f28a8,,523
c1bc61ac-92e4-46e6-9ba6-6d1350a64e65,,405
659757e0-871a-45a7-b836-307e6c8300f0,,836
4a8bf214-d16d-48d3-a618-aae5fdcfd929,,1598
c767bb2b-d633-4e9b-a474-882f1bec9cc5,,2646
c6ab299f-079a-42a3-b0d3-a34e926ccf6f,,4191
b8c8f4bf-0b1c-4a3c-9447-68084ec8f82f,,1368
1fa7a7b9-69ac-4b03-82de-a870c7268f20,,61
2acadc2d-02cf-462a-8674-2fc373ea1ed6,,18589
f62a511c-d467-4df4-996b-2a46c3d6fa09,,6844
f49f8ba1-c582-40ea-bb01-d95fcb19b615,,4205
26c43b4a-ed84-4540-aca7-b5e9032ca3a1,,11760
bab6eb6b-254e-4cd9-b37d-364a7c2b36ac,,225
d4882f0f-4147-4ef4-a22f-4a18da2db923,,39264
94c46a52-90eb-436f-a233-950f938fb334,,6871
b99ac86b-9741-44ae-9dc3-ae4a240e7875,,1665
4a92d12e-359f-4362-990c-08a2a65975f0,,1484
68bee2a1-c581-43c0-978c-b4eb49fe2ec0,,381
5d5c0c9d-bf63-4886-b12c-19bdc381e69f,,305
aa95ecb2-0fd3-449f-ae1d-242e3660741e,,3451
d2be07b0-da04-42ca-9482-53ccbf2fa8dd,,2208
68b6824d-3ad8-4ada-806f-14b1a4bbbf2f,,1684
22d07ebe-bfe2-46f2-9634-2868170f204b,,1944
c2ba471c-bd6a-420e-bee9-722ddedf5763,,2640
fa42c76c-add3-4ac0-a982-fbd93433c0ed,,20
5b4681f9-ed77-4aeb-b614-b10a4856bea7,,31017
995aef02-f1a9-4234-af90-f083469815b2,,779
e3d524cc-6021-41ab-9794-303e35e5c793,,10303
773822eb-3b5d-4d5d-8d46-97f3b03103e1,,39048
352b9a78-5377-4fc5-93c3-66279df3fc6b,,3078
e8d91131-86ff-490f-9350-f57557d669eb,,1827
88802731-5cd4-44f6-85fa-3ece1b08129d,,5030
1648f201-6aa6-4ae2-9067-732e339666e5,,1539
c8b5f9ec-5b3c-4b38-8b4a-8d8c3af5403e,,6133
81dd9429-0701-4640-9f37-599d10f8a09b,,2011
54f9e2ae-bb81-4d36-9f11-5efa79655c77,,4366
d96acc2a-4852-4758-908e-a4b53a7a90ff,,2555
d6b5d383-5862-46ab-b487-ddd5ca5d11e4,,2557
2fc6efbf-c7c7-42b2-8998-976307aa5dd9,,8377
047a4245-4545-4c8b-a736-840ccdc6cba2,,58
0c26fbd0-a1d3-4e31-bc15-b4f368cc0d48,,3669
d0304d71-1561-423f-84db-278bb25f7729,,5954
3f9a36bd-a015-4cc4-9a7c-985aefb3e5a2,,5297
8b13ea6c-d0a7-4cff-b7ca-dd7cd0d4ba5e,,1773
3f26a574-36f1-43e9-80de-883e50ea5143,,10040
3434f860-7375-40eb-8733-26646f639a07,,20
ae4a559e-70c0-49b1-99b2-4caf071c0cd1,,420
b28cb61d-9d18-4d2f-be87-8f50fadc74ba,,4625
80561353-d231-488b-8037-898b1ab39346,,3025
6784b497-36de-4f08-b09a-20854cd84b4f,,117
cc950947-a25f-4549-940d-27d96513302b,,116
92d30382-ca1e-4339-9e03-695341f1a747,,2769
ff85e307-41f4-4039-93d6-9bd70fd7f057,,602
8d8d6383-94a4-4167-bf58-271ee429edbd,,719
cf88d3a5-93c2-4dc6-b778-db78074b72cf,,3161
ebf6b630-17fd-4ebc-a64f-b55275ad1039,,4
4ec4a2dd-ac5e-48f0-809c-1c06b5ef4327,,949
e577354e-86f2-4a13-931d-ce31fc471190,,594
7cfef8bd-b373-4cff-9b00-d08c3bfb5716,,2891
c25010e9-07a1-445f-a709-77fed0743d96,,3515
132aea1a-06b8-4d7b-871b-373db5d205cd,,824
a2bc1479-1abd-4346-8a53-2a2242dd3b93,,7146
4ff1c96f-d678-4d83-b3e9-9d1e87909163,,3014
1f43f523-8d64-42fc-95ff-ccd6ef4fb63b,,5894
15eb4249-44ac-4640-b9fe-c63f9cbfacb4,,24473
0a5e9e91-a067-4ae3-a405-6b794f3ca25f,,2056
20d61116-bd67-4d22-af17-667e4f83e826,,810
25c94309-176e-439d-9136-6ff78f21e3ff,,1072
2c4c00dd-a41b-461f-8c52-0c87abb78ce3,,31241
7086fb00-2899-47ec-b1d3-190ddf063d2c,,2149
8184022d-de91-46f2-b2eb-71ab480e3817,,2226
69b5be45-f6fd-4bcc-b2bc-33fb0855c32e,,423
aafc3417-cc3a-4307-9944-0c617bc0b28f,,453
feb6d27e-3d68-4959-a014-37495afa6899,,1542
b4d4d1b7-7a44-4c69-bf5c-2871bd456e9c,,989
eb261c39-dedb-4baa-9821-d398893b6c9e,,443
9e934813-26d5-4cc9-ad5b-3d807445fd16,,18600
31e172cb-b0cf-4cd1-9ad0-b11b32a12a4a,,302
97a44823-8b03-477b-af9d-f1ab7626a64f,,4083
9ee9c382-b930-4e6e-b16c-e3e2f2e7b168,,23
2c583b7e-3d9b-447e-b5e3-c229706aa863,,3069
dfcfe378-e023-4896-82c0-ca330ac8d399,,7807
1d854be0-eb41-4fbb-a01f-130504476c81,,423
07ae9a12-6349-42ac-963a-a0c79d7d15d3,,2504
7671de50-d1e0-4a28-a512-fa6320e69b8d,,852
ea9b6a25-a42d-4354-b6fb-00dbb7c04f8c,,10196
7084c2d9-23d8-4bcf-a15c-e5608ca778de,,1182
e2ac62d1-9630-4fd4-9ca0-46977999de27,,513
d6e015bf-6313-4b03-a310-51143a5e4f40,,1297
1ad1f053-f125-4702-9425-7bdc9af9b8e7,,6190
15850c6f-d632-4ffa-9bc6-fbf1a1064d0a,,1053
d22d303d-0f1e-4ced-b55f-9df99eaa918d,,8772
fbaeb66d-09c0-4b3f-8f3e-0750b6807b7d,,406
1b04c697-58c3-440e-924f-83dac8ee3c60,,476
0af58db0-f954-4e16-9860-1edb62a1e375,,160
4bba3587-ef2f-4a8b-ad63-124dbe590a87,,3
a0ef822b-028e-4122-80dd-621348bb9338,,1509
c2a003da-804c-47c1-9e36-ef21fe303f07,,1488
1e9dd304-a3be-4010-8f53-cf946cad702b,,130
7d8c2560-ba8d-4f28-a1f6-db17adb6f5db,,5895
5c0dde86-75c0-487e-bdb2-3ad0661688b8,,2743
266f5e7b-c25f-4045-95c5-4fcd647e6210,,4713
9c56b027-dd81-4fb6-97d4-9f0202af50c5,,8076
153d23c7-6451-4448-b3cd-9cb826bf34d0,,2286
08650a7c-daa4-4d34-92aa-05f1f4e69acc,,742
9dc42c79-01c3-401b-be8b-30d263498224,,1202
08477223-85cd-47fa-aa24-cb4597f7d0e3,,2
05386743-e490-4e60-9dab-9655ccd46a6f,,1205
e490b388-950a-489b-8a7c-916285c1d5a2,,1281
354f8199-48b1-414b-83d5-4aa192996611,,2824
d678ba25-8a8b-4c70-ab2b-ef656b1c0661,,57886
db25b409-fa37-4dea-ade5-408f1f2cd02a,,1854
f2e05ce5-fe42-4d1f-a22b-ab4ecea49f98,,2233
2eb65cd0-94a0-462e-ad40-fac6b68d89ee,,1599
f558cc99-bd97-45c5-9d5c-d74bc3a209f2,,2071
796c5c23-b47f-4858-a671-e5f870909052,,869
16c9d2af-080a-4ede-b6b1-99d9b745cf65,,6
948da6df-10a8-49f0-a67f-c6f7110c2184,,14
79d40f43-6c31-4baa-a6e2-1ad6c0c07afe,,37
79190529-eeac-41c0-82bf-ff3ac84ef63d,,44
41031b41-222b-4340-ad56-ff659e90cea0,,1
34687738-1263-423a-8416-521cb683c31f,,715
afe3b36b-7b0d-4c32-b5ec-3cb2bce812a4,,4
fc608ee3-520f-4145-94be-b8df4560034e,,1202
efb2793c-2397-4a7c-8b39-465afb6ad282,,18858
428ab378-08ac-49c2-b220-f5d56c7fbf71,,4910
fdb4fa35-d20b-430e-a0fe-f0ae036c42c1,,843
75751f2f-3f0b-4c94-a877-53c172eae2b7,,57
25418c70-3afa-4fdb-bfc0-c864b8f9c409,,1089
5638d884-1761-4eb4-990b-5b60b58e289d,,349
28422c66-3794-4a28-a9c4-75c79473c079,,5315
cad5c83a-c915-4bd0-a785-679bf0a50850,,55
21f3916d-92cf-45a3-ac73-4b8952106d27,,375
f24ba98d-dffb-4ad0-9fea-545f6785894b,,2090
3af98d5a-fd25-4c22-9ba0-e6083231ec1b,,276
cfa6be3b-5b9e-422b-85ea-2abcb6f193c2,,6033
99005b4c-f265-4263-83f5-d13550e1f92d,,3724
7c6ea73f-bf6f-47d4-96c3-6db22deb9c9e,,3073
5bc83920-3d73-4119-abc0-d56629d5d589,,2368
29706647-2c43-4190-9db3-0060a03fc9de,,2028
11db1336-1f5e-4b1a-aba9-7573e4e8dbca,,9666
a93d22d1-838c-4e1f-8043-49aeb1a2026b,,1769
ff959326-7a44-49b0-a284-bb7fdc440e66,,3501
cc93c3b7-b802-475e-9045-66e68bbe98a2,,11535
1a21e8e5-3bdb-49c9-b150-24a8880094bb,,480
c8ce90ba-32ec-49b5-b70c-9df71e4a6d0e,,9615
243d5f64-82a0-4e50-9448-4ee7a383cbaf,,648
905c4ecc-3597-4314-b952-c14314cc6768,,220
b60ae461-b0ee-4521-a633-200395736c32,,9468
720376fd-22d6-48e2-b625-2feea7634568,,424
e2f91f6a-c201-4537-93e1-217d0fc1a760,,54
71607dc0-55fc-4493-b07a-9a2350e29e49,,333
594e16e5-99fa-4f3a-9e6d-d1b8e7afc1d0,,18354
943bcf7c-5f24-4775-a5ec-eb766fb489a1,,12583
20505898-d038-4bdc-b1bd-20c6a1ad6038,,3662
66986544-628d-40e7-a207-0d413e33789f,,2253
de5032ee-6999-4d1b-81c0-32890f19ccf4,,452
40e91ea6-1ce0-4075-b47a-45c1051cffd2,,4942
fdba2d34-50c0-4b68-b0d1-2e175f90c437,,7817
f7e16c57-9bbf-4a41-b549-0a1f01f914a0,,2670
437a9011-0445-4deb-b3ea-ea7a60e1ea35,,21
b919de85-b816-4916-a43a-4dc2466f5a22,,492
9772e57f-6717-420e-8cac-85eede38b8a6,,1628
8cf8747a-fee6-4072-8f2f-63d6c82f2223,,395
c85f6302-c790-43eb-8126-a1a2c0d31188,,4169
1596a57f-21c5-4be4-973b-dc1a0823602f,,2140
4bd6c31b-2f79-4828-a0a2-acb884c788ea,,4993
5503e233-1e05-4c9d-84ee-2248551bf4b8,,1247
8bdce191-69b8-454a-9b41-c52adbee5a12,,656
54d9df22-feec-42c3-a4b5-83efd632e18d,,16994
9710b8b5-6cd6-4cea-a38f-d50c7ff10e48,,8434
4e522820-f34f-4e1c-9c50-1b4f112f9ef6,,10186
e8618236-0365-456c-a23c-59a766b92f1d,,2217
a45fa26a-a4aa-4676-84d8-ca8f61234862,,1470
e89ec4ad-2663-434d-981c-489d8209e107,,5950
59489629-dbaa-4c48-90cb-1b999ebaf8cd,,1022
50b3425e-2c47-4d82-9323-8637822119fa,,27458
da0fe08c-90fc-4554-ad19-04f87bf2fc36,,2125
bc162cc8-0d52-4d8e-9a64-a3d75b5e916c,,524
26f5cee3-4a71-46b4-8655-a20b3099e27f,,4528
5c3b9962-322f-478d-8eb7-75282e957e5b,,1092
f8181c70-086b-4e65-b53e-d3d0a35db83c,,234
3a780de6-0f4d-40c2-bd31-9c626130fb2e,,181
e50821f7-f831-48c3-b66d-61bc571859b4,,4018
f033d1aa-4c70-4300-8941-1b29e7927031,,2014
071e62e8-9b8d-4b29-b41a-c25bc2751fa1,,978
77e0f569-d77b-4958-9612-cccd1b9661bc,,845
f5f4df41-0193-4f0f-82f4-c68f1a61078a,,2836
54817cc0-3fd2-40f3-b713-83608f2f0746,,2349
8daa9e9f-df01-4549-901d-6cf7709905ba,,5879
2a1d30ac-5d64-44b0-bfa6-79b1725c03ae,,5833
efcfe0f2-17c5-43ab-b9c0-726be0a65d6d,,8359
9ff85947-19be-419e-ad2a-a140e3e6bdad,,3708
567ea9ad-7b42-4f57-8359-74977c392f4b,,23467
3eba4ae2-b753-4da1-a520-15570a460f87,,6980
cc74c00d-f5d3-42d7-ba52-4d666a0d3c15,,2404
ce41692f-6f79-4b9b-aa79-0cdc9fb36621,,10974
0339be51-30a7-4d88-a0e4-a0a48b9dc93c,,871
3da45782-bb97-4704-a769-1d3a3c07f3e6,,52
545a50b5-dd1f-418a-8a54-87dee9100721,,558
1011b95e-69d0-49a6-a89e-50030abbe8bf,,3455
8aed8094-d91b-4429-a00c-aab15f39a39e,,2771
4c991349-e5bf-40dc-918f-9f2fe778347d,,3108
edcbb48f-7530-476e-805d-bf9ca4f7dea5,,1066
beaed210-1cdc-456e-83f4-d41464522fa9,,5636
f58b2e27-3d19-454e-9ec6-0fe8814bfdc3,,330
5cd7def5-ce2c-4382-bc95-8597bc2948f5,,2243
e4902e47-3548-4782-be3d-fea6843d5671,,3354
d18e1f24-7a11-4174-94e6-15073ba7af74,,9190
48453a00-068a-480e-b90a-e5352aa3bf4a,,744
2e86e3c8-e13e-4e86-9fee-aa63969d186c,,4677
f2d49a09-df4d-4c07-97ed-b9bbd7bcad7f,,8242
efcc3857-10ac-4237-872c-16d6c83321b5,,2688
1c844e23-7cc9-47e8-b280-33ed81dbfcb3,,157
4077fdb4-a552-46fb-adb8-172320087917,,8817
0c45c13c-7318-4b1f-8c0e-03a8b14052e1,,1621
5cc7bd03-578e-4c9c-91b8-813d91096718,,4504
fc093731-08fe-4124-a774-4eb42fc6922b,,2193
47b96fd9-a9fd-4711-add5-f692917ec09f,,605
ad988b62-b647-46c5-b180-e76c0f99f9e0,,446
8964821c-23f8-4102-9bdb-b581317ec870,,2231
ef2cc56b-3932-40b7-b65b-0737b68caf67,,15685
82841d91-3cd4-4022-8918-c23f43a00f5a,,10481
a079e942-1a38-45be-b336-98b5b5ecaf72,,1178
91d4192e-15a8-4152-bada-29661f3b28ff,,10859
ba2913b5-b3a9-4891-92bb-dbc4fa93f531,,1068
ddd146ec-a0b5-4164-bbc4-7a54f5ec1cb2,,4414
ed8fd0c5-1d21-4d33-a6e3-5e551734faaa,,10178
40581201-7f5e-4628-8e7e-5dba78b25673,,185
3b2da9a6-1527-4330-83e5-9322a0cbed41,,3135
58334ac7-9fb6-4be9-a4cf-f4e04acce55d,,12189
4335bf5c-23a2-4ab4-8d2f-819144b42ad1,,4957
d494e3ed-58b2-4707-86f6-cad3c7df6f85,,73
f8f0b0e9-d1a9-40d6-a0eb-98fc7fa809ba,,11929
8dbc31c6-a62c-44cd-bcda-d89d3639221d,,2308
50f30dcd-2c97-4a9e-9bc0-a3a359be3dea,,2924
26d80b43-f377-4b0c-b7e1-3f628a0ed22a,,11443
cdcb8a5a-be51-4f06-8693-11458cd49cc8,,3137
6d7f9f3d-1a19-4af5-b84f-5821bf40da34,,8885
30511a93-5946-4938-9ea6-73e931eed0b9,,13275
5658b219-8cfc-41d6-985a-1132c8d29586,,44744
1074f0ac-6e75-4c4c-95f5-3e4e3c2f3e51,,29481
b07b7372-6d30-4116-ba95-3e46d559a011,,4020
33b8df0f-30e6-4b31-a35e-dcd41eae3bfe,,37085
70f016f9-ad64-47b0-bfb5-4227c19800ec,,341
85107af2-43f4-4813-85aa-e096cdf12edf,,53278
6e7c64f3-f5c8-44df-a2ea-c45d079b25c2,,3531
12094f36-6349-44eb-9200-24206c4d3436,,425
4c804d2e-e3bf-4198-8631-24f21e0745d9,,10431
2f4d54b7-4c34-47b1-ad42-7e0a2a5f6f11,,2290
ea4bc786-5171-42d8-ae1a-25fbec1fbb82,,23938
19fa7602-9d3e-45c1-8ddf-df0a97465f93,,2844
e0444d2e-30d3-47d7-a4d3-1d910b561c90,,18957
1b257c89-04dd-4d71-8cce-3f06c59a5bde,,8307
04028003-1ae2-4f48-ae4f-46a0ef188c6f,,2855
d6ae2cf6-0dc8-47ad-b316-5b8ef7c077f0,,482
101fcbba-fb10-432b-ba02-a5276643049b,,3916
02f99e01-1558-4652-8f3f-0888961679e6,,4319
5f3cbd64-df24-4ef9-b53a-d443333b708b,,6683
dba1455b-6264-4a6e-8fc6-89a8b759f8ed,,8164
4df306f3-255c-44a2-96e4-af7064388d94,,7293
268c12f3-f00d-487e-ad74-6d53a88eead7,,2720
93faf6fd-68d2-454a-9624-57f6d6a7c91c,,1120
fe8b7973-dd3d-4971-a4e6-6da32c58bb76,,836
c64cce28-5d58-4a73-8eb0-55585978a29d,,1031
05f0f234-3118-4400-b9b0-5869c19e3869,,189
972a4941-9617-47b4-9d38-5d4a3d65c4c0,,1677
afd78b99-52c8-4202-ba20-95e82e89aa1c,,1068
4b07103d-afe8-4742-ba47-4a24fd75b271,,2682
dcb5f9f5-a596-400f-9f9b-ed1f99bdcdd2,,439
ae2f99c9-3e39-4f80-94cb-eb955c317c90,,4211
73c56fd1-2c43-428a-b603-be05b632ba73,,897
2a4878c4-ecd3-4f71-80d8-6c4437bc4df9,,330
86941718-47f8-404f-824f-c8faeb4fb991,,3160
0b2f5956-6f25-43b2-8707-c97b8c8c0043,,240
7713b662-a8b1-4fb4-9521-c6cf7b8dfda1,,331
6c020c59-4d08-470b-b057-880574abf344,,12656
90106a87-cc05-4d00-999e-435b77f9c67e,,53
53cc01e6-6672-4d24-8615-dfc28f282d9b,,6
f5d258e0-491b-4b11-83d7-074e1bfdee79,,140
79490486-8df7-4e2b-be62-0da2d835c27d,,165
bd526a47-c548-4094-90eb-a5edc5754149,,5049
a3240d8d-dae7-441d-99d2-6c65f424090b,,1498
17fa00ee-05a2-4ad2-a514-2dad112e5880,,484
6a056e7a-b2ab-4ac6-aaec-cd90551e1169,,1427
965b105b-ffe8-421f-8206-2b1054a8adf6,,6340
25354e13-103b-408e-abac-9f4400d75d72,,41
06904249-89f7-4e4a-ab10-718ebe6aa7d2,,4804
9f76fb2b-d2be-439d-977d-8f6a1124bf34,,8229
80649ed3-985d-4e8d-9a1a-77ea3efbb101,,3001
11a76e39-4ab0-4aed-b616-fe5d55035c9e,,122
280ae1f5-f948-4026-b401-3b2690ffc6f2,,1228
bd017de3-a302-42d9-977b-e89d32b40807,,1828
ace6d0a6-4761-461d-bb85-d6a5380db6b1,,5342
57e949dc-ec69-4d6d-934b-da5ddda5879f,,41719
c3c7ac33-e0ce-4598-83e9-53dbf4e43ff2,,14052
e6ff71fe-5ba6-4b78-9090-3a5aabe1d567,,35820
e0407f17-6f36-4de8-9636-93ffe0a2dad6,,29038
902fb500-8ace-4815-a85b-9cce77901dd5,,4097
e93768aa-b836-4a4e-9acd-66726b47dd8f,,7478
62a1b832-a4b1-4baa-9f63-fa4663cc70e6,,3072
59b9f646-e75e-498a-a003-cb70be556da5,,4678
124fb304-52dd-496d-a825-eaf23e3243bb,,708
c1b4048f-cf80-4212-b97d-eefeb7aece1f,,3738
60fa5211-4fa8-4d41-bba7-9f78fb4c3056,,172
ea2ebbd0-f833-4a81-80a8-897ee65e804f,,12802
dc0f4bb3-7669-4006-92be-ed27f7840038,,558
53ecbc5f-975d-49f3-aa89-084a456f3811,,7763
113cf7b2-67c7-41ff-9699-4e67ca0ff3f4,,653
094b07b9-bef5-4e0a-be39-5deaa3f8db19,,11290
c92ea586-d8d4-4e6e-ab56-818f58850b96,,2930
c8694ab0-512c-4428-aa8c-7ba181106750,,4214
2faae807-15be-4983-9e8f-f70e30e2cd1d,,2092
eddcee14-732b-4798-940a-b71f0741ba9e,,6985
bbd5d347-e2bb-4b18-8693-9ec707cb8ca0,,1436
bc426f0f-4114-44d9-8b8d-f53b284619d8,,911
b243f442-f0e2-49d7-aaaa-fe5588da3180,,632
d5ec026b-b27e-46e5-961d-2abd41d8d59a,,4
91e92cbd-564c-493f-bd64-0e1a322b6e66,,3373
8fe9f9e0-10bb-4578-8643-4144ae6f7745,,135
5242b874-e831-4b57-8069-32d038412b16,,220
4cd542f5-944b-4302-8ba2-6130f0df2360,,3915
83cfffc6-7133-44c7-bb87-7e378b3a20c0,,12187
f7946ba1-1112-4140-b50f-00452e302d2b,,2090
2ce34f01-bbce-45d8-b6cd-69e7184d2abc,,3926
ab88cc6b-f2d1-4273-95ba-084d01e31a8c,,923
050573ed-f3c2-4da5-aa98-fdf323b59a4f,,3330
2a6dcc77-1ec2-4072-a717-4b281cfc5e64,,4831
bacdb672-d915-48fa-b267-e5815d31a05c,,15333
0cd50cd8-b94f-4055-a6d2-3be40a5fefdb,,665
29a6ac3a-0cb1-4de5-b201-4d3f36dacbe3,,1422
3d57f2a7-5271-481b-9555-1cd045a8b96d,,3867
e8a9eb72-da8b-46bc-a857-3b031394f40c,,467
6be33124-7ab9-4ab8-8f4b-ab11baf805e0,,4143
f66ba4f8-548e-4b11-ae94-7d03d31dcd92,,8738
51bf5dc4-72c6-4793-aea0-86c0e606eef7,,1555
d77794f8-d477-4f98-b3ea-84ec87878dc2,,9
3f7d9f04-0a99-4da8-aa2d-e5c703f6ff82,,15
82f8906d-e6f7-43bc-b58b-a16a732400ed,,1950
43f68ca7-be44-4750-abb1-4e6a2c664b5d,,681
90ffa7d7-2b5b-40e9-a803-d6643a1919a9,,4305
5d9372d6-2399-405a-a2da-1ebc2cdf3ae6,,4534
d0188695-9c1b-4dfa-b947-9fc218caf0fb,,3112
deab46c4-3383-4f80-a2af-1c7d96c020db,,4742
128c5bfa-e48e-42b3-bf1d-fab26c2ad54b,,2661
eaaa176a-d9dc-450a-bd84-e623317b63f0,,2235
64bedbb5-7be0-4588-a367-b4af1d85f6f1,,22954
c6184501-58ac-455c-aedb-8036b357a958,,25498
e80e1274-942c-4129-bbff-4f6ad737bed6,,1737
939f8434-9eed-44a1-b840-fe5b62d8e677,,1898
604783ca-9cd4-458e-932e-2b79a10d9409,,6207
eb71e183-f962-47cb-b571-70f01f8e3013,,3568
d128e49f-9dcc-4fd7-a184-3d6b16ce3f35,,14101
00302e97-f2d6-464e-8aca-5258488b8bfb,,273
c568f4ee-965d-41ef-92aa-ae8177abda71,,54875
8d751e4f-8f90-4db3-8ac9-bedf52294b51,,1736
eaba6ecc-11ec-4222-a798-a9fc445acca4,,31430
2849d806-cebd-4279-a8f0-def4faf6db56,,4555
990ae785-61eb-4ed2-b58e-1d9643f5f5df,,16035
15ebca03-8a76-479a-abe3-72a016d20178,,2819
89287aa4-9e70-44b6-a725-4cbf026bcfc1,,1079
9a6bf5f8-5560-4d10-999b-ae351d9fb15a,,555
2ccdcdbd-2cc0-4b3e-b16f-204af4a4ff7a,,646
17ec5b45-cc45-43c8-b329-d72fcae8b40f,,8248
c50e7457-9b1c-4c78-afcd-51732130d80a,,659
609e0ab4-3226-43f7-bc6e-8bb16044edf1,,9475
4f967d6f-9389-4339-976d-64c5537876c0,,37703
6326932e-4a62-416d-81da-0f979eaf7ad8,,6521
4a516df1-2d85-4dcc-a21d-f6a835b3a4e4,,1824
0787f5d0-f202-4fe2-88be-b9a6b03a91ef,,9055
eacf5f3f-9168-4d45-aa5c-8a4989b4ebb4,,6087
f586cc6a-4233-400e-95e8-65fe23b49196,,701
c534b856-758f-4d0a-80e3-929b6ca44138,,2641
bc87bc65-5fc0-4e3d-bdb8-418b9787757f,,0
21ebb349-dcfd-4f67-8cd3-fa91e309cc5a,,512
0d44aa7e-8ffc-40b6-b4b1-259981e2a425,,1668
1f96416c-ef0b-482f-adbf-189eff84c493,,1045
955025fd-b5bf-4738-af92-67d46539a444,,3652
36b8bccd-95bf-49fc-b403-1e6b81d3b79d,,11177
eb881ad9-03ad-408f-aba1-4752bfc58379,,58
d3f6a8ea-488f-4df2-83f1-941da1c021a6,,619
c7225150-97ad-4bc4-b2f1-6070c8a58d93,,78
d79367f8-6c36-4ea0-bc07-8e75f7d61d32,,830
037b843b-ddda-4874-950d-0bb5a720fc76,,392
a008f866-52a4-4f3a-b098-b38dc2ee3acb,,1121
7a6e4c72-7c4b-4102-b722-999e6d020272,,350
55f1b60e-59c0-43e8-ad7b-ed03dd8182c0,,5403
fd8eac55-3192-4a5d-bf3e-fd488e925fd4,,3139
08852c2b-6843-4991-9812-786ea3f0a7f3,,300
cc5ce6a8-55a0-48cd-ad3a-5f99f4438de8,,5875
17cf0c91-b5e8-4536-9ecd-597a2ee0d7dc,,4170
4838d6be-c5f8-4304-8ff4-295cd559d534,,5925
93a53ccc-463e-4a74-827c-9019f8722f24,,2069
02d9123f-357a-4eaa-92ca-9f51d6215e79,,2387
86b6ad8e-8421-47d5-81f4-2d5c927ca025,,3546
9017f4f1-2c65-41c4-beca-b24868df63f9,,1742
9191487f-23a3-4cd4-ab5f-ecbc929f3f9e,,788
c9cc6bd5-ef17-49f3-9459-d892ae194696,,2592
53ef1311-7123-4a64-8cb4-69bd374ea2fe,,933
41f118b6-f2d4-4cf7-aa85-f9498bef6751,,3811
98d5a4ad-693b-43bc-b369-72d630453565,,1469
72663cb9-7d01-43c4-aa7c-b3a195144c0a,,10257
cfde2000-4dad-43ad-ae6c-03d4c9a17961,,87
af7f9001-6df2-4bc5-a481-92101c613318,,2046
945ae6ab-c4a8-4be5-9332-bd5b07b86716,,900
0577defc-afcd-4c24-a66d-ab1130b98b65,,63
27d63829-a7b9-4afc-93fc-94705c6026f9,,1108
d57d64a2-e46c-4140-a48a-3a4fde817ea1,,3356
d7858f91-b40d-4cf4-8a92-63646151e3c4,,776
99f72bda-fe02-4f64-8e31-2f370f868a0e,,13823
7aa995e1-4f6e-4156-a0d3-c3ab91fa3728,,3224
c20f5acd-5871-47d1-b393-2a6ea88d72a0,,7479
ec22fd62-ee90-453f-bb19-bfcd986d9051,,662
4af97214-de32-4c4f-b99d-695416685dda,,2370
e1402d29-8789-4d49-9be5-fd9861828083,,7839
4d3cdd0f-ae21-40d5-9300-0eb1efcd1a34,,3841
4ad267a1-b2fd-4c91-b0e7-b2aa666ca576,,9677
68eaa210-680c-4a88-8b65-31709b9b04e9,,11088
68cedc7f-5ec9-41b9-8e4d-f4c8c45196f6,,259
9bca749e-4c42-4df8-af6c-fa1b112f8c8d,,17066
42a9fe7a-9b59-4524-9993-ea1d1cb4697f,,634
3bf6313b-abce-4009-a20e-1ca46b7e20a3,,1650
62530d49-ecd8-4828-a4ba-0cc9af5c805b,,149
bc784f5e-151f-4f46-aedd-64db8012254f,,23074
993763aa-07a8-4b71-86a7-300b7d58a494,,2385
0c886b08-94a7-472d-8718-19003eca98fd,,3757
2df364fd-e1c5-4978-aaf1-4af738848538,,7591
319719d9-a029-49d2-af12-b07b63f96548,,3080
1bbd9769-c658-4f06-b550-766b21ffe66c,,2456
ea61f958-c2a5-4733-8181-9994a2a82063,,1562
9fe42110-7c5d-4ff3-bed5-4a66e48ad1a4,,2476
b8f592be-532e-4e65-a029-52199af2d9d5,,2003
fc692f76-6f9c-4e6a-a36f-d1b76cbc2adc,,74445
8632414e-b977-4121-a4d1-1c01f9613afd,,4582
e33154e6-83b6-4406-b846-ccaa6e8f93a3,,80
a50903c8-9208-4559-a28e-165f453d2d64,,2706
7d395fda-37a1-4be5-8db5-51d4f4172e96,,648
316983bd-3073-458d-a186-b082442c7870,,0
4446f796-5283-4ffa-a303-74b386f9f0bf,,35
a9cd92f3-e786-4d81-8aa9-6d9f1623fa18,,3278
6bd123bc-cb39-4709-8702-7863e66663e5,,2
80b168e0-30b6-4491-8a8c-e3d9ed8e59e7,,1543
99bb3bc9-74ff-4754-b2ef-34822652ed05,,257
a4ed4da4-8e3d-47e9-b2a1-1d607f8a3d3a,,3877
91988799-5673-4348-aa2d-cf7526e32936,,10249
2a16b475-2d88-4111-ad4f-37dd8682f29e,,327
96d24772-8f76-4454-8d66-6221ff975031,,374
aea64d81-a910-48b8-a401-9baa1b6918f7,,545
58e44b53-bcd3-4dd2-830e-5c090fe25377,,2344
6afbbf99-2a3d-4d5d-afb3-5296847e8893,,15059
bfaaed28-fb07-46e0-9c0b-db3cbf8ecf29,,1369
95167b37-0ad6-4289-9cde-66da85254fff,,2111
2304477b-2ea8-447e-9a2b-0efc2f6b1660,,12574
4b243ce0-7cc8-461b-aa5a-23d926ddedcc,,146
7c64b96d-54fa-4944-8b2d-92dd6dfce31b,,2482
c4d33b28-1c10-4865-b8d5-f5def7dbfdc8,,1258
a162fb59-db32-42c1-9866-44822871028c,,3038
535b6832-6412-4a08-9086-948c0c5ea156,,944
7657b06d-a483-4bfe-a9e2-cd2bf26f250b,,6962
ead36579-5bfb-4d43-bdc1-eb135fe83cd0,,143
5f10c2d8-56cd-486c-90d2-065d13453cd2,,2429
f3af79e3-1ecd-4d87-b83e-ea6120ab9f6b,,1466
3dce258c-53c4-4a9f-b81e-af49e9811a11,,923
dc4ce0e7-070a-40cd-a122-b144c68bc947,,14080
5118e120-b45f-4b3b-aee1-999055938976,,2683
fa4faed0-caab-4189-bde5-0527365a0d8a,,99
2b6702ba-f2b0-484d-908b-d5c4506044f2,,14388
48aef372-72d3-4a80-b59f-a0909387f46e,,28868
6a9701f0-24e9-4304-ad86-463c5d13ff7d,,171
a9f2dc87-0882-4cb7-83da-e3d85216d04c,,2629
9d1ab7ad-6d97-4d9b-bc21-a9d12f2d50d1,,2274
cd4c712b-e487-4753-afc2-3f3b1c06a64a,,26
0a273734-257c-42cc-82e8-24b4ea0bdf50,,1542
724ac1dc-0ad4-4a45-ba16-c348fe17cdbf,,1449
00042fae-43d2-4470-9ce3-41496f342c8b,,3363
c0a487ac-a8de-4d89-92f2-5e82d6d38c4e,,1346
cf104ff8-41b4-4d5d-9f8f-5effdafed9e1,,963
d241badc-5e53-41dc-8ef5-2662c4e1234f,,3396
8271b440-50fa-4253-9914-b4d56e274516,,3863
13e4e0af-b1d8-4de6-b1d9-ccb941b19c27,,3602
67c5eb43-47d5-42a2-a116-2275d017aa60,,2754
c0117439-0ce8-4918-94fc-7ecc22f0c291,,2191
d5f5168f-d164-4ef1-889c-8e6a0786110e,,1342
77c359d0-2922-40e8-a911-91025f443dbe,,4012
e80caef4-fcab-4861-9f18-615102d9e9c4,,12877
71352a44-d330-4853-92fa-8610864b70c7,,12412
52bda6e2-a87e-405a-aab7-cd0f06239699,,1508
a513f1e2-e5b0-4a5a-b12d-754fc2b9d2fa,,40
15106a84-9d6b-4244-8d9c-6ebf2fea4972,,4702
ec8bc82b-6031-480c-99b7-06d3ab0e7864,,1293
a347528f-1e8d-4347-951f-1ce595108647,,4596
fa940501-4fc1-4b21-862a-7f3b3475e235,,9
5b6671c6-d797-4a2a-a388-f67763c0200a,,61
d37a437d-764d-4da0-8738-5aae4dfb43ca,,255
366d4bc2-f575-4203-91ac-befabe88c55e,,11137
c9fc9f83-3dc0-4860-b389-de6e2f328850,,51
fb33d002-e233-4bfc-acc2-071f960c8464,,2210
b0d75ec4-7e59-409a-92c7-5d1c120a2b71,,1234
f20f5d3d-4edd-4d1c-9b8f-bebfff7a55f6,,290
976e6f69-c773-479a-af7d-4cec7e570035,,173
6bf29ced-6c06-4b8c-8b9d-0749c0ca350b,,14045
717f680e-7b7c-43af-8293-76dcf1afa487,,1125
6fbc5b97-2b33-4dd9-8439-5e14f2feb855,,23069
29ae6f4a-db5f-47b6-b0f9-eb29390877e7,,4283
ae56ad6f-3227-4839-a47c-90094b3ff611,,581
f8c5c063-ad0d-4a07-872d-47f761de7eeb,,3
14697a30-0201-446b-9ea7-5c13513a2162,,3398
9a18539d-f73d-49a6-8183-a6b5b405ea1c,,3154
adc7ad98-a696-490c-ad1e-c2c12b7d8813,,1181
5fa76ded-e138-489a-bce8-9a1b0585716a,,172
9b11854e-0701-4d88-b20c-2df03d69aea2,,21937
3bbd7b30-3229-48df-bd2d-5fd16605797d,,2854
3702fa81-af1f-4bcc-b733-485df1e30771,,10244
1895ca5e-2e7e-4fdc-a5c6-5c35c51bd889,,283
804437a6-e153-4f1d-8245-b47254999e21,,1116
37cd50c6-5c1d-44be-8d33-3c032fe6b46f,,6949
156bfeee-f5b3-496f-9979-9173ffa3b134,,6521
312de735-f8a8-4dea-8129-aa1a92cd36ae,,2594
9992799e-e351-4fdb-b25b-d9cabcf58b5c,,3732
387c1729-14cb-451b-bc76-54744716cdb1,,453
078ed29b-2419-4180-bc93-3d67bf12a863,,805
f24c17ca-485a-4547-97c9-a548d169a56e,,9875
98374ecf-509c-4ea3-9925-3eabd8189919,,2909
1b1ebee8-3061-4563-ba6f-76f9c7eb919b,,515
d91cab71-bf08-43a0-8927-b37bdf55165b,,612
9fa9f5ae-50f0-40c8-8924-edc0b11d705b,,1530
2a43e22a-1411-47ee-ba2a-fcd83ac30402,,5050
74edbc90-689a-415b-9ab2-9bd16d28bac9,,1255
0b8a00c7-0050-4113-af29-d659b66e4da4,,246
043eb434-397d-4f86-95b7-fca62133e481,,116
22712de7-1a0d-4508-ad0a-32b8c11caaf6,,2062
5389b027-af86-49d5-9b18-19a45df3d048,,3745
544cef83-1517-43b5-847b-2ac46fa09fb9,,323
1e2abdb9-2008-4392-b189-3c30cf78dd3f,,876
6fa60776-2da0-4b36-b041-4746c53a9a79,,9089
02e03f1c-e693-40e7-b61b-27c8fe6eff1d,,2323
1f634ab3-8cf6-4dc3-9b3e-7454f1385486,,181
68a53afe-50a8-4905-a10c-5d2565f26f26,,2192
9ae93f2b-ab28-4e61-bfc8-488b3c15262a,,463
7c216475-9a31-49f6-a6af-1e9732d74881,,950
e3efa1d1-52fb-41f1-bab7-2d19d36a02ab,,5393
c08964a8-da52-4c56-88c8-ab5ef2cd9e3a,,4273
89622886-5fed-4618-b1cb-6d43bba4ccce,,6357
7cba12d0-378b-4565-907b-422a395c678b,,1500
36f64af6-2b25-4195-9f33-64d748357f4e,,3
35280cce-8219-4635-82b6-15b213f8cbce,,3401
0a58abea-8e11-4f01-a00f-08eb8462095c,,139
880123e5-2e0f-41b2-817f-1029175b5dc8,,3224
6249f951-579f-45fa-a6e8-34e26df94c04,,3753
a3457b79-450e-4e3f-afb1-a47cb40dcacf,,1305
5cbd6b55-77a1-468c-a4f8-36038f9c33b0,,4410
e6dccab3-2067-48a0-a4d7-098dc14e6ff8,,960
f0e1217c-13dd-48da-8d61-dad7b93c96b8,,2456
0ce3eed5-b820-4703-ad2c-19d3396680f7,,3476
64c8cc63-8ebe-4354-979f-68e1160de089,,1027
86b63ca6-390c-4b70-9954-048b83ea9d05,,2730
a71d18a5-a72e-4c71-b39d-f09ef272acf7,,171
1abe9c0f-ac4f-4bd7-94ca-0a1486fbd7ec,,15166
9fb1c499-062c-44dd-865e-ddc23405b7a7,,1300
83add78e-4ba2-4d74-b25f-a158794517be,,4361
ecf28f16-fbbe-44f1-ad69-923fe149b177,,2712
c3630507-a8a1-4a73-8bb2-8473eaf0a902,,609
e566151a-b929-49f9-a231-7ddaa708d995,,35
b66ad9da-cd32-448b-9c43-9a5051425a84,,1482
5e3a51b6-03cb-407f-b0af-da85027e097c,,5100
3abbdc44-9e59-4adf-898c-e51c7570cca2,,1142
ac08ea39-6c0b-4a57-98b4-b278a8802874,,275
0e085e1c-d87c-4b6e-a5ad-2618a201195a,,241
a184ed93-ef25-4dd3-9bd2-e1914eeb97bc,,16876
0cc9cac8-fbd3-4584-b8ba-b8159d482c6e,,2559
4ea2da59-3a85-4766-9bc0-89711483b937,,6988
5f45478e-681d-49a9-b9ec-49713f094fd2,,3661
8e3c66d8-65a3-4fcc-a959-9e73e8bc6a21,,1737
4a7d12a4-a85f-4d7e-9a7f-a864b56fdff9,,224
b3061fa1-13e1-4235-89a5-29cc0a11cfa2,,757
5acde23f-4ae6-45e4-a811-5e1fbc21cf6c,,6843
2d6bed8a-cf5e-4bb4-9164-1f2347920c40,,366
f322c098-0236-4d54-b1b3-f1468ca6024b,,1468
dd999ebd-8da4-41fc-b134-997f2718581e,,3838
63f165f5-a1eb-4df0-a749-c8208cacd6cb,,126
c5f7a31c-370c-4220-ad27-efeef272e343,,2949
fda98537-6ea2-4d7b-a135-fe781ac7c5d9,,4096
a26d1b8a-4e71-49fa-8e2f-8af40b7749c3,,462
b23b92e5-1e55-4539-a4a0-2479ee380469,,10265
50077897-d24f-4fa3-8551-c472e60bc627,,19661
d7066481-e88c-4af5-9b9b-9007f8b99323,,4875
b3079d3a-1c88-447b-b679-a92b7f2d03d3,,149
3c996cee-0642-45cf-9a29-6c9ea3abee7d,,7508
43d164f0-9b92-472c-8ec1-d5d3d33122d4,,1556
140c0e1d-a326-4c5f-8e15-34e4d59c7a17,,9172
78e6b795-15c1-43db-a49a-3130d65181d5,,8658
10a7de68-737d-473e-8b8c-a1ecd8a21204,,39
a794d272-e67a-4d0c-9f47-1dc818b4bac7,,5122
8ef6ae51-26cb-4232-b6a0-c6bbff692213,,2484
da9cf5a4-1161-4896-a435-4bab638b8efa,,3659
592889c0-fe68-4a95-8b3f-42743e0a4ec0,,722
1ada21c9-9499-45cd-942b-c307618fdad6,,8594
9f5221ef-17e1-4234-84ee-3c72ea446236,,3991
821f7f9d-cbe3-4be7-96ce-e7e65e7a5664,,4559
8b4dca0b-0baa-4bd2-8a9c-0ad9959bb193,,2951
6f1336c6-1470-40b8-ac5c-91a3d8fd4df8,,3069
fe1238b6-2af7-4094-9d31-15a812f2b149,,6992
599387e0-6df0-4f82-a875-414fb6c2a957,,7326
19d17c74-eee9-4d44-9807-d7a70831269d,,5699
694d3658-689a-4807-8ee4-7b76a67bd8af,,5806
42b3a75e-1da0-4145-aeba-be42bc3ff982,,414
511e80a9-3d2f-4868-998e-a8a9f56b0e58,,263
928ff986-4b9b-42ce-912e-7018ba522a78,,1960
3c038ac8-b134-456d-a7e5-53b0a5cf90a4,,5441
efcf11d7-23f9-49cd-a08f-fd37bb5de4ab,,3420
cbc264ed-8baf-462f-92fb-49bfe6444edd,,3850
de71b65d-7f70-44b1-9e15-9758eb86c0f1,,1933
3825a76a-f9c5-49ea-91d1-c359259e3912,,586
725d021c-3715-4fee-a535-b7a6da7760a1,,2448
edbc296a-f7d0-4909-83a1-9453884cde54,,4403
e16ac3bb-1347-4690-9057-504b18c3ffd5,,1116
be566b30-e4d6-4c68-a06c-c526c891b0f0,,174
cd8a2e2d-bd08-48f8-b0fb-91ec3a57d19c,,501
f2661e8f-519f-4cb4-b310-e9405cc70545,,1713
be40db70-3dfc-43a3-a9bc-340db14da09f,,50
9f25e608-51ba-496c-b5fe-ce8113efe875,,215
b3e41ca0-9d56-4c0e-8932-9787ae5c744d,,582
582b06a0-82b1-4c7f-8836-46e518c80059,,514
a69ab4ee-0aae-4830-a944-1202009698f7,,786
8063a75d-9283-4fdd-90a0-299b6213a18b,,2375
08a60958-7d18-44c8-ba2c-30e4bab92b68,,11396
85b31b62-887e-439b-89fe-5a100521fe50,,37
5388c494-7dc0-41be-b300-ce9df69d4398,,943
fb8f6cdf-34b1-47c6-b776-f41a00fbbe75,,13095
95fa198d-a60e-497c-bb7d-ac96909d4714,,1055
685807fb-d705-45e8-89f2-dd30b39f6a72,,8297
9b0609f8-2e59-4a2c-a0f5-84f0b8cbb044,,10020
bc3348d8-ad2e-480e-823c-a2bfb2ebdd41,,902
fd2963e7-1c51-45e6-b3a2-96ffecc9c6c8,,412
d3b3d3f9-0494-4e83-ab85-cd5883a84371,,1237
133c6ee4-93d4-4e0a-935d-e6ca45c7935f,,6868
c24f4b60-2c7c-49f0-a869-f37586ccb248,,1840
27171f10-b90e-43dc-8c3f-fa99d403ba36,,2068
9687a1ad-e1d7-4fd1-b05d-84ce9a2d080a,,3172
865d5fca-2954-46a9-a7a0-be462b79d4a3,,2548
e4290893-f2a2-4bc1-ad0e-17152f4c214c,,2153
11a16fef-5283-43fb-a88d-157ef13521c7,,1534
b0f94045-ca04-496f-8ffd-7b24e0897d54,,7
6bb5db7d-36cf-4d50-ae92-b19495c4c0ea,,528
822d74d8-0a2a-4add-8577-9b5f7f05b1ef,,11009
91e21114-54f8-4638-8bc3-207eb6d0f1c8,,5726
bb5f3156-f403-4933-a206-1a5a66c0ed63,,22765
dbbc59a2-f50b-42ba-abc0-ddd279c1f782,,4115
ed70b958-5b7f-49aa-89d0-a4bcfc8ed4e4,,4265
6407b5e0-ed06-4166-aa89-970512a732f4,,16944
f35615a6-2b52-4343-9a8a-c2b0481b0747,,5396
d77dfb46-046f-422d-99e0-81b1821eda9a,,25282
dcfbade1-0453-452a-8d88-e77bace28866,,54
16426b0f-049a-4551-a936-8c56f641c9c2,,871
581cfae8-dbdd-4186-b3ae-66652903015c,,1753
8139d0bc-5873-40f4-8f58-2f2b999f6e7f,,7292
1bb2801b-e354-4c11-b4e0-738037f6f1cc,,987
720dd012-6a7a-4013-a508-0e008dc2720e,,2787
9a945e75-ed7c-4693-ad1d-87f053e8e621,,1493
d29209d7-1cd0-48a2-8f48-3c167ccf2515,,6572
f5543124-6140-435a-8fcc-4c632bc4de02,,4647
9e8acf87-29aa-4e2f-934e-cd8b185e1cdf,,4586
736b73b9-cb91-41a0-a72b-b1e47b25b591,,3012
42ed9ff8-850e-4205-8be6-d2e18eefb7bd,,104
f2d8598b-d863-41fb-947c-472b8039cf86,,1765
a84503a6-a3df-4c14-85db-11205acc1542,,1685
fe601468-5812-47ab-a594-8a3ec867cf5e,,1905
48264382-6463-4464-be9f-3ce80ecc81af,,7921
2dad9799-8883-4eec-95e8-884fe83a6ea7,,156
d646c487-ed86-43fb-a212-bf4e0b711837,,403
10f3ac38-52f2-48d7-bc16-c357668e441f,,1062
6538eac2-0f4f-437e-bd82-afd844069448,,3107
72ce5a4b-4e6b-4a77-909d-c6ea548d7b28,,1354
1c88239a-06dd-4f32-89d2-42dd0fa2226d,,8185
78052668-2fe6-4400-9666-e3aecc7dc0f7,,609
a55b92f1-e9c9-498f-9998-d02bdf7e3b70,,1259
99bf52ff-e0ff-438e-911b-9a7708cee916,,72
41ab7798-a315-4237-8a3d-554dd80029c8,,1733
c1bd7bf0-84c4-44e1-9d61-d49f2b8fcc71,,422
4d65496f-5c48-4db0-a656-68976d2baa0f,,3245
8425c2f7-c088-4c37-a53e-f75ff9a7e4a3,,392
55fbfff7-ab4f-43d1-8d65-3668519ed0e1,,426
a5bd4867-dd25-4910-9d4e-92036980e781,,4
e438c1fd-b3e8-45eb-b9a5-de62227a16bb,,2325
5e6bafae-a43d-424d-ae49-888943d605c8,,1976
83266b8b-1dec-4bc2-bad5-1ae7f391a6df,,3779
7fe08e69-b630-4273-b6a9-5ab524a633cf,,387
c570338f-0b7d-4736-826f-73ce872b50c3,,7374
01e069bb-7d65-4942-91b9-fb215b73db40,,169
56a93f65-dfa5-43bd-a1a7-a04c39420d55,,1496
d7290e33-f530-49a8-bfb1-85f18f568816,,2805
d937a4ea-ba09-4ae2-b6e8-225a5706eb45,,217
88309970-1620-4982-9047-3be21aa9dd37,,685
07b21f0a-e61b-42e3-a528-7e71a5d15d0a,,5416
e92eab84-33f6-4a60-a686-94603c46adbf,,9473
b680e6c8-312a-409d-bdea-e9ee5ab122fd,,1776
a6dce688-6356-4884-b399-7e7bb1fb374c,,6297
dc8942fa-8acf-487d-b41a-3469d82e7cd8,,200
af5f339f-1307-4ceb-ac09-2ca7e509addd,,707
d2f4b643-2e34-48b9-874f-27f50253872f,,1855
119ef0fa-b261-4fb6-8da6-7a1051018841,,706
3af6e15f-12c1-4cc4-bcda-9c92895e6e5b,,24519
a0da65eb-a57a-4652-8409-36ac863a2e69,,3339
1250d242-bb97-4b86-a265-61b9e7e8f557,,11750
131537f1-eb6f-47dd-8572-9f776316c58f,,4772
912fe17f-3bc6-40c3-904f-9f4067b02d5e,,1085
7e2976ee-a55d-4b53-99f1-fac8f941c0b7,,10
bfb04c5a-84a7-4f64-80fb-988c902c9305,,14391
ea85dd68-155b-405f-bdc7-4161b6b21102,,1585
efec26ee-189f-4386-93fc-ece3904c0b69,,456
2cd226ca-a16b-4e01-975b-23e501db2c58,,7635
6e6368dd-5d6d-405b-99a5-bd54c74be4cb,,1223
1f79b997-d56b-4102-8698-6e55c054de7d,,313
ea5ffde9-9eb6-4c8f-bac1-f722bc45597a,,7261
d6242850-3aea-44c9-aa38-7bd57e19ff64,,5124
0331e4bc-d145-4760-94fa-e2eae1385d7e,,2973
3d323327-887d-477c-a2db-042671a189e6,,851
25f15265-9114-4ad0-b110-62db91975d1f,,46556
a7f9726a-73a8-41c0-9142-4f7c80cb0246,,286
e86f052e-4026-4039-bb5d-300836e03eea,,2382
25bb7287-ec78-4187-8226-bfeb80989fdd,,1802
16b1ebfa-3974-456d-8ffe-635b945546e3,,686
f4617817-e958-4be9-a3a5-4e149b116801,,2782
3417a7c9-e06a-40fe-bd6e-750bac8a4784,,8099
ee188910-af5b-4dee-ad49-cb7b093abc49,,4506
499d516b-ca79-4e8d-957b-201c622b7cf9,,361
4e7ead7f-8e42-4de7-aa2a-2d2e34355215,,2416
24888409-0bd3-42e7-acf1-c88ad62b8304,,282
d21007f8-1412-4014-84c0-c3cf763e117f,,243
d9594dc5-7d8f-4b11-bd52-7f19f954f61b,,1018
be3139bb-9cc8-4cfb-b741-7e854561898d,,5735
6b32bb82-6885-4a3d-a76d-e4676bf16aa9,,37358
25d7ab30-caf4-4eb7-94b9-e4d315203908,,671
7856e42b-92db-49dc-b33d-5ed91f61039c,,13906
a403143a-9aac-410c-8119-8fcc14fb559c,,11911
f25e1f38-8f69-43ee-8e1a-8643aac150f6,,4594
f504568f-85fe-46b5-b5f7-daf84550a825,,35
f1d618dc-6a5e-4ece-914a-c2533fca7562,,1073
254d19a4-c212-4e00-8cd4-6264cf97485b,,2264
346afdef-c29b-4140-99d0-1921901e2205,,2267
9a4218f5-83f0-43e6-9d8e-58b8c9df68f9,,576
4a853759-4fd9-4c10-87ad-739580f38fcf,,1369
43d46813-94e7-40a6-a951-ce42c04ef1e8,,597
cabc805f-c47f-4553-beea-3a8f47907c2a,,6019
a0a40424-11b6-4e9e-b348-99550644f999,,312
276f1a79-2372-4e4f-878d-215b1ccdd32c,,2398
d1283e14-4438-435d-b164-18da3cdf1ba4,,539
47cc025f-82df-43ca-aec6-95eda520931e,,5744
87befe8b-1e16-4c39-aa74-4de073f99aae,,4714
c8e69008-2ded-4a1c-8fb9-5ee79d72be35,,399
3b38b0e2-8b3f-4f92-9b51-d07485b03a3e,,1542
31321437-5ba0-4f59-a89c-d455934e92b8,,1176
e3b57ed2-facb-40f6-beab-cddf8c05a5ed,,1740
0d7ebba1-a1de-489e-9ff2-84c4050192c0,,5654
e2a398fb-6efa-4fc4-af57-641081d20251,,2086
64b30fa7-6106-496c-b470-b027320c1429,,1567
fe01a769-d35e-4d50-9a9b-acf363a63220,,2567
986edcd3-c024-4a69-b4e9-60d3a64568c4,,3262
0a203d17-1d15-49e4-8fac-09ce5b77e58e,,730
9ce4ddd4-95e9-4ef4-889c-3ccc4e7e568e,,1933
3fbcd8dd-58bd-4bb4-b19f-7b8f4cb41348,,3273
95dab355-a144-4cf0-8082-a7abea2b26f3,,291
126173d7-e3b4-4ce3-8d6d-a8af79e98401,,1071
5db3c99d-6fb6-45c7-86fc-40a716e3ef22,,4685
e3c55999-0335-42ea-90da-15d8a9b16c10,,1423
11bbf07c-09b2-4d82-b8eb-804fdaf8bad4,,1346
3ada65d7-090e-4b4b-ba96-28b3f4594bbc,,578
53f0601f-5852-4c87-a2b5-f7de3880a9c9,,150
f98ed862-b020-4530-98a4-c226fd2b09dd,,762
eb8a2900-580f-4dd6-8a62-f0d3eb12cb71,,542
1c0083f6-c39f-47f6-a317-43e61ed30ce0,,2184
229f3d91-44dc-4a47-9c2d-16f19f6811c4,,3553
5f8142e0-affb-4241-9def-9869824030fa,,5997
61d715fe-7ccb-449f-a81a-a791c6fe9ef5,,714
867fe2e7-16a1-4938-90fb-5dc8e748d0b2,,432
ab885a8a-1ddc-4aaa-8440-722b3abf766b,,77541
0d6a5fef-dd81-4277-b436-8ccf522751d8,,5860
1b928abe-8ef1-4746-8769-3de861049b44,,67
919c825a-85b1-4abe-b5e8-1205c1be4b07,,3024
3a449fec-5ab0-44fe-8c59-7102db17f068,,13928
38c3917c-3e06-47b9-868d-817e33f55a49,,5376
b7a7ea10-a35b-40e7-89c6-f8b608e7a79f,,6946
077a8c73-0547-444a-b680-d04b9fa74b2f,,310
b3a1212d-9455-4e96-ab8e-8bed79a31137,,9563
53c1a65a-b64b-4292-bfe2-90b5790934e8,,5683
912b0016-1ee5-4205-8673-e7284bd06a51,,10396
27c3fe5c-75eb-4561-b1bb-3d672abb2f2a,,1155
f5992263-1e85-4b56-8923-b5083a08be38,,711
1e3d5bf7-7323-420b-8fd2-e11bb53c1adf,,506
3adf72aa-b280-4f39-abb9-8c807e623630,,1076
e9b86d36-a32f-4d78-8b80-18bd2aa38a33,,1424
ef9c3b40-5db5-4eae-afc9-51d11be3123e,,202
737ebf46-9e73-4a23-abfd-d9e95f3cafeb,,4178
2bfada83-3bb1-42da-9620-bca8ed4905a0,,1
1459dfb8-8f41-4618-a11d-3f27cb1bd12a,,716
ce192fd2-d362-4cb6-b322-aae33acb254c,,1461
058fcedb-7ede-47bd-871c-1840d8d55d17,,250
88e840ab-ac5e-4320-a7d5-659418705c98,,4141
c836bdd7-e29b-4cc0-ba49-047d9c4d3fd2,,425
1bb5e58a-d86c-4646-ab15-17fa701543f8,,1511
c95822d2-f498-4326-b697-e94072cd97f9,,0
94d8c490-73ac-43a3-9106-aba95b192b94,,2198
8ac40164-fe2a-4908-85e7-8922b65d3b55,,4312
82d9e37a-06f1-47d6-b85c-34fc331838c0,,9528
9349af46-b11a-43aa-8790-f6e78025a503,,3383
9ac04620-f7e7-43d9-b7f7-3ab14f489dad,,473
8eafee68-5a64-4263-bae4-26626d0cdba3,,4836
a22cde35-fd13-46fd-ac42-434fcddf391c,,1050
b584b155-8ffe-4654-ade5-8dbe4b0b877e,,5762
e48c6d26-d27d-4535-b674-8323401e36ac,,1729
420383e2-64c7-4b6c-8428-d87d5d677d49,,91
f6bf0a19-c0b2-402a-9889-ef63e8efc245,,5102
a660c954-63b8-4f99-a952-8e58ebd5df8c,,68
b56745b0-655c-4821-ad92-93b06ae31a24,,4414
bd62a08c-1c9d-4bdf-8bb9-38d8a0e81a12,,3306
e0a61011-b96b-44f2-b246-0e37239ed819,,248
03c950a0-34d0-4792-8ab1-fe30764f4bb1,,967
bfec7481-9b3c-41bc-b862-ade9f0ae719e,,551
0ffe8270-7660-42cc-86b8-11325114395c,,912
184b1e16-233c-4f11-ba98-6134c0b0ba15,,9484
507d4cca-ff77-41b9-b2e0-1e68eefb20dd,,497
bd01114f-93bf-41f8-9504-a7abce445442,,453
f125b680-0821-4bbc-a9eb-300664d33f28,,1281
6a4a0f6d-bde9-4295-9c75-a98ed9f3341b,,1914
3ded10c3-2d02-4364-96c4-a196d237654e,,383
82262109-af1b-42b8-8538-8d75b154c7ee,,14334
53b880a8-d061-450e-ad71-bbbeb2388e49,,524
9569550f-e2aa-4ea5-a52d-68a546a7b09b,,271
634c9b92-3648-4e63-ae1e-6247470f80a5,,516
ef300eca-5fd3-4bfa-ab7f-cee646e1b955,,193
4992f723-068d-4b90-a6bd-c2b331c51803,,1914
3a5a90d0-1ee5-456f-9f30-6a51bc9db49e,,5994
eb6ea69c-b32f-4183-a490-0cfe3a5d35b4,,10305
2e01f762-7982-426b-83bf-612793ffaf5c,,34
11f0f631-c053-4ae7-a515-4368549aede8,,465
5e3c3151-09c5-4c95-956b-dd38996adbc7,,1243
9c2d54ac-955b-4350-a1c1-e3cc80a40838,,922
6c0416eb-cee4-40c1-ba92-0094e545c7ec,,3483
dcf14524-0273-4527-8a61-dd679bfea686,,3682
7fc112a3-00e3-416b-8271-0a30436773b8,,6409
0bee3a73-70cb-4413-bd4c-0d9536ee21ea,,194
c6aadae3-d7ae-411a-8887-a20b25e50a91,,248
5dd7d3f3-4ecb-4106-8d3b-b1ee01fa65b6,,1214
8210ee89-891c-4258-87ec-e8d0bf84d437,,9610
43b152d9-be71-4e39-937c-efccec82b989,,2878
6b9737c4-d70d-4bdc-9716-3d8fc0f93527,,1473
07f762f4-27bc-4f8f-8c17-cab3ee02832e,,3213
2ceb0167-1a9b-45c6-8616-c3a5e5819e64,,1312
4816fe12-e08f-4e91-ab64-8321d4f40da7,,1379
2ca1396c-7ea0-4063-8032-d0091cb040fa,,10
2573ba0b-69d3-48f2-b508-722e71359d66,,153
16984126-8f13-4e71-beb4-36f4abe67d9e,,1083
e18b21b5-640c-4bc9-872f-c827c093940d,,1183
8db76c8a-5237-49af-84d8-5a4c7a9d9f8d,,4465
3690bfef-988e-4618-9bed-0f3a544fa4e7,,12030
526f8715-c922-49d3-89e4-0f5b9243402b,,2638
69d4c80b-ef0e-477c-afc2-dbc155b25ae6,,1714
52ef7ac4-a73c-4424-85e0-a7c29dcc8a64,,567
8e90e0cc-bbf0-4150-93e2-380b7cb41e29,,2405
a69ee463-b9fc-4034-b42b-02f38d15da8f,,2049
e77dd2d0-18f4-4a48-b61f-ebd259b8e10d,,709
5b9ab96f-03f4-4c5a-962c-c7aef897b311,,10006
4849425e-20cf-4864-863d-ad69b0a9f478,,3027
6488c53b-312e-4459-8313-37e67715225b,,3824
020897d6-715c-4bae-9c9d-99377b667c8c,,9616
208ceefb-3c12-4d52-962e-0e8b228d5a3e,,704
03bce2be-c438-419c-aee7-808c96f64def,,4709
937db1f1-001c-4b92-a93c-88d8f0974922,,1539
735ca096-2321-4ddf-ab75-4e4fd09fca1b,,15344
2006f8b2-2b7c-4ab6-92d6-f4edd93abc90,,3379
336c22b8-5835-4405-8944-2ffee2dbd2ed,,10014
7b047e61-f37c-49be-b0bc-59c2f2cc924a,,9665
802ac727-5d7f-48f0-bfc4-af3159669d28,,1320
4d4ea3c4-8472-4cec-82a8-d114e8e28827,,1859
caab4955-376f-4bbf-a381-69d43cec3d6a,,105
cd161653-196f-4c9d-a7aa-0e6190c2cfce,,1213
609282a5-faad-43ef-9579-09d9ee9b3360,,337
737af591-7f64-49ee-94c6-18264e2eff54,,334
d8bbac69-649e-4caf-ade9-1ad4a62958a6,,1213
f98915e9-6d68-4cbe-af26-13944730d278,,5198
15db6be0-30f9-446d-b11d-11d17d3bbdf2,,274
b2caef20-e293-4d4a-b68b-297e1a481e42,,2798
022ba9e7-5a4f-4d74-904d-6112da1818e7,,2686
3930bd33-3860-406d-8463-26df439c19b3,,970
cbf59d12-b2ee-4fe3-a098-4d98c6e7701c,,74
8469a571-3f28-466b-b5bc-860db83a3c8e,,4
e88a6f20-48e7-41a6-b237-e7817aea140a,,351
bcc70e69-ffb1-412a-aaf0-1a9ceeff041f,,110
1b22f635-b29c-41bd-8a1c-e0b5eba9b57b,,3
73d822b2-8ea6-4161-86de-d1e601360970,,1608
fedd95f9-3a48-4c21-b939-a6abcb9ae8d1,,1448
ac0b2c7c-0c77-4fff-bf63-ec587831b2a9,,391
b095d0ce-ccfa-4f45-b4a0-855c519e74fa,,953
9e4e2732-180c-44c2-9e22-f95fa57e4d62,,29845
fbb277ee-9360-4ce1-8c66-360d7ec2c912,,4327
78da69f7-0fce-4ee9-9515-7411e53993a8,,3125
0a2cdcc0-62cf-430d-ab59-bc84fc0c0de4,,71
a9e36621-1ccd-4b64-a1d9-9d10488521ae,,7948
9df12e13-c90d-4b8c-b7cb-4efad0e78fcd,,1998
94ccb89c-95e2-4d34-bf51-35cfe6081b5a,,7654
1139407e-595d-4fb8-8459-fd88165d3836,,1903
d96922da-42da-4c9d-af16-1a595dba11bb,,1598
e52abac3-e1c3-4240-971e-0703c3df8613,,4281
712076c6-6dd8-4eaa-b344-465bdfafc1c7,,608
2750c69d-0b3c-40c1-9ba6-3a05f159dfd3,,734
c0d16c16-1179-448a-aec0-0189f5d9fc07,,7586
dbfb3abf-cf9d-4891-a046-7666904ed64a,,1510
bef31b69-1c76-442d-91f8-f57d2bef52ab,,304
c18182cd-4e6c-4ef6-867a-51eaef7296f5,,1094
5797cdcc-8cd9-4f9a-abdf-7478ecda992a,,1311
cdf7cccf-6222-4d0b-97bf-dd1a497e7870,,1624
66f84e9d-31a3-4d56-9b9c-a61384d9df93,,2971
f7c44fd3-0b3c-4cdd-a222-9fb1271e3582,,424
7a6bce11-411a-49fc-bdf8-c91e1c6e8f8a,,4630
854a64ff-fec8-49db-b29a-77b8be06c703,,538
815000e2-6877-4e18-96b2-1d26c2ae06d6,,4472
bbc989e5-7d7d-4028-b801-14e6b158a70c,,2229
c836aa48-72cc-42bf-98b2-91ec45391a78,,1310
2d168237-9dde-466c-bf41-94457e589b4e,,2538
b0eeb32b-a0e7-4d21-abda-b11cf9eebdec,,2053
06b865e2-f8d6-4b0f-abe7-fc65b3d35896,,4212
4643a974-6828-4963-a1d6-0e4962693af2,,4060
aa513bfd-a6ab-4ab0-9f4f-dcff652c6048,,4410
3f2ff7a0-49ff-4e21-923b-65f15c058680,,67
21dc6e86-c1db-4e57-b5d0-1e513919da0c,,245
e72be696-b840-4d71-9263-a6506fffceee,,9272
ddcf8021-cfed-4c47-99c9-2d2df48d3c4d,,9777
99c7d07f-b7f2-48b3-9ecc-981ff92b6c4f,,8050
fda2e0ec-0649-4b52-aaf5-3d1fb6f03479,,851
4020779a-fcea-483b-9b36-f9766ea056c6,,10513
ccd67ea1-9d49-4aff-84f4-15046f8e444f,,3626
a943753b-5863-4706-a15e-49fd02f4a73f,,1024
3d5da535-b9b0-4799-88b0-42d2e42fb997,,17842
a43b28ce-9ea1-4d8e-93b7-e0d7babd82f8,,739
6ef84940-d341-41d5-875c-862d8abcc2d4,,1062
577445a7-457a-43c3-9f88-a1d6295faa39,,260
6d87cb91-9275-49b2-9954-06b5fe2da173,,2517
d3a6376c-6fc3-4fe3-96ba-8d4cca218c8f,,1843
bd566488-08e1-4721-88f0-a1e71d0f73b6,,427
970e6859-e2da-483b-8d8d-1741006401c1,,2941
cd9bc652-b900-4e59-979e-7d367a6ea0a6,,8393
66b8f48c-cf00-496d-b8a0-03e7f40c0772,,1159
08f8bc94-826c-4e55-9a1d-84672b35c31f,,2
d6d2d2b0-65b3-4d11-b8bd-aef694e7f6a0,,2533
43bd875b-0b4d-4552-87d9-8e8e61b2dc79,,3600
4b608168-d4f6-4a34-9cf9-9a96b5fc282f,,5547
d4cb6a6b-80b8-44f3-a676-6e556b680ac0,,1748
81a907b5-7a77-45d7-8816-da2f9b341622,,1
4b60a006-db4d-4d7d-9dc6-f1785d39747b,,2
b18c02f5-eb81-4c73-8a0f-90d8f8f13527,,24411
4e9791ed-9336-4097-8bf8-f20373854e6d,,7544
b440b269-f2ec-42d0-9982-0787f44691f7,,565
18df155d-2087-4c61-9c22-296e9524f051,,1330
25a8c107-e28c-472d-9635-f4d00f276354,,14969
eacf2572-0854-455e-ad7d-9beb904ff2d7,,684
2c4731e8-4c70-4d59-9010-74128da65baf,,613
876ed0d2-c19b-4cb1-a2d8-aed2bc46f6ce,,218
a243c416-eca9-4a6c-b894-100a540e3445,,50037
e9559630-1ab9-4409-a592-0c904e9af8c7,,3868
dc8e6eeb-036c-4e3a-a758-120f9f6b48ff,,4338
2ce70501-a056-420a-8323-4e067d03891c,,27118
5d904c35-d6cc-483e-aab0-6ca8468d7b18,,3472
01898c69-7fc7-4806-8d79-863cb139f97e,,3825
33b2fa8d-d53a-45ca-a113-245a9b7b1320,,2003
004e76b0-6cb8-4bc1-bee2-49b47bef7c69,,6954
38f0e8e4-faff-4878-b9db-10c8343db31b,,5013
579dd9fe-680d-4423-b867-2e88e884b06d,,1063
19b99096-8ed6-46b8-8b3e-0651f779a434,,6850
7a2623af-d546-4413-b5cf-4be99c6fa4db,,632
d3249a66-728e-447a-9b80-1a10b58dbfea,,2811
fd9c630d-5d1c-41c9-b430-9cca3ae0813d,,1211
ed436ff9-3241-4bb5-a854-59b72bc417a3,,1559
8d6015c7-d64b-46f1-8d39-603f6488141d,,244
078778aa-a861-4836-8e56-3126e662f01c,,15
4a138a49-e9c0-4ab0-a80d-bd3202c64270,,907
66c3a36e-06bf-4958-84a7-68f779449981,,6135
89ee6b7c-ba95-4daf-8260-61f3428c8514,,13246
76163f2d-5e63-43ab-9972-9062900d3e9e,,18302
338ba1a1-ee34-4b6c-b1ba-38c7c301579e,,26715
5e6183c9-4e55-41cc-af7e-116d7f1b7632,,12268
c0863a19-e976-4134-a685-2de850e1b49e,,5080
f58717c3-97e1-4d52-a392-c542132c81fe,,1159
ded3b897-7c03-439c-ac05-debfef66c712,,120
c2ab18f4-01b2-42e9-9217-962a817062cc,,1865
26747abb-ab64-4673-9a97-e3beb0be6690,,8443
7caa6559-90f5-428c-9820-d02c546e8c28,,4334
f10c302f-6e34-437e-a74d-f1483d23c89b,,12027
3f5374cf-9f9b-4dd9-8359-315ef701ae29,,713
8ff67073-5869-483d-b79b-e8e2d5180d92,,1111
9c1662f9-6ca0-47a9-908e-9e3dd0603666,,3953
5494b529-cc8f-437f-80b7-b28d680adff7,,64
4641fc2f-f7ca-4c25-b781-63f0a3b19be7,,3642
48a05dee-4d9b-4f7e-924a-b840d610d78e,,1852
dfa8c72f-8454-4e51-8663-35ab08ca8bf8,,1966
105f0683-184b-4e52-b469-33b661621019,,6155
3adb5a75-38c7-42d0-aaaf-e98e6fd7ae5b,,212
40d959c3-9f1f-4b26-97cb-bd0975f5c69b,,2678
38c1a730-ad34-4f95-921c-fb48ff4c11e9,,4049
ca897907-2b30-4756-be1e-ee6ff7678033,,1764
944bae2b-22ba-4d20-9869-aa824f4ebe25,,4880
ae952290-4637-4068-a5a1-e978bf5ae0fc,,349
8ca8f53c-2d04-4b77-aa4f-374682c2ceca,,1812
4222918f-9b1c-4b16-9404-684328882e7b,,1218
c021f4f0-5423-460e-a7b7-0aaba6c1a516,,496
17e65609-23f5-47a7-aa39-055aceb935ea,,4776
fc3f82e4-1bc2-49a0-8fd4-3930055cfb97,,2653
adb1d665-50b7-4b6e-b559-4656a96be9a3,,462
696acadb-86fa-4302-9e18-71488c170a41,,9663
3aee9c8e-be54-48ee-bcfd-474d2ded2c7c,,9206
f8df2a94-abcd-42d0-a72f-50f6df2ea7e5,,612
124020df-cec4-40fd-b7ce-c02e0c718d2a,,1592
e9d5055b-71e3-47ea-8520-5de2842e5495,,6779
9210a856-ac9a-4bb7-ac11-fe8b7328ca0a,,3077
dc68da65-d275-4a0a-8b0f-a8e70dac657d,,1443
b5ebcdc8-817a-412e-9e86-d9bf006c2810,,1492
742ace38-f6ee-442c-afb3-6b373e85396f,,2377
0fdb2fe2-33e0-4190-8877-eb0fb839001f,,7440
0bf2b5b7-9ad5-42ba-a349-8d423abf215e,,830
451efcb0-bf8e-4b26-9f79-d13719566cad,,4327
a0f99d37-7071-405b-a6b4-fa650103b11e,,4527
4158984a-2744-4128-8f9c-229fddc86fe0,,4080
6f442ff2-1219-4a48-b369-4e1d4ef6eb97,,1613
7c1d0c42-1dc0-41c2-be41-58d4f7188054,,2229
976ea25b-4c71-48f4-a7cd-3b93d58905fc,,60
5974a662-8f6b-4393-8a21-3ced00333b16,,345
5f3a9ae0-e129-4181-b974-8e256bc8331c,,4246
1b3ae1d6-9de0-4826-9160-2adf804d1178,,2205
69d4662b-b6a4-441d-adfd-4ebffc3913ff,,6247
eab68eaf-3e15-4696-b9f3-f409963e1e4b,,6681
fd302b80-ef74-44f5-9974-61d6cf27f3da,,3969
ddc8ba6a-b597-4d29-9bae-a78d2f0bca0c,,6911
ee8fa08b-06ef-4adf-8621-1e6bd287615e,,182
fbd98c6d-fb17-4377-b48d-0ebf22a89a7b,,18909
9942d919-9f59-4db5-9ea8-52e585bb5412,,14567
0f338a55-9e9b-4a4d-9d2e-a4c6b3326f6a,,432
84afdc04-0ff2-484d-b2f9-a979fe3334e3,,11909
204910d4-c296-4a36-a99b-c5d3505c12d4,,4
043de61e-aea7-4b79-8d7b-b8e36bf67d1f,,5424
ac720408-1a48-4ca7-839a-1fd13f62e99e,,470
cc35d858-d9dc-4984-b959-0bcb742cd4c1,,1546
ca34b528-3941-4325-986e-24e3f6588a8d,,2903
7c90a62c-c7ec-4cb8-8ed8-026c3f16deab,,515
bcf8d98a-f712-4756-9c57-d062aa747ef6,,17062
db1a84a0-f8a5-43d8-8f62-f7d173fb18d9,,4793
39d3443b-717b-45db-b3e7-6dd8bd48d236,,8068
7778070d-14bf-4bf8-a05a-24f35da9f2b4,,542
96f5bfa4-35a3-4b32-9702-6bd8c58df0e0,,12721
41d993d5-ec15-4148-b618-4e86cfdec6ec,,2849
a9c2403c-d30a-45a0-85f8-f9b647ca497b,,2
e8ba680b-a672-4c23-8463-46eb2e8d9260,,3193
f7ab6154-b38e-4c91-966a-e3685514ed43,,24144
dffa4f68-fb9c-4658-bb7e-5d75c5653db6,,1778
f5812f5e-145a-461e-a2c8-fc12d56d3129,,1577
605d6e18-2f25-46d1-89ca-d6bd62336484,,2675
95dd70b2-32f9-4642-8df3-e86e59be145f,,9129
4818b557-bc83-4183-bb10-7ba991b41f1b,,4117
dbc2c4d1-f2e2-4cd6-a062-f168135bbf15,,3368
3ef51d85-2e89-4a0b-b354-10ec26b74817,,5511
6060317e-d0cb-43ed-a4fd-7067e6d85296,,182
cf9fb5a5-71a1-478f-aec9-2d7e6f5eb06c,,1312
a6c17c78-1819-4475-b5a6-26004b90be40,,6369
0db4a82f-e029-41f4-83f6-89aaef2a5bc5,,5974
defb2c39-1f09-43b3-b548-5a081adf577e,,1655
fa749c56-6ec5-4c54-8991-888c73ca58f6,,10714
0533cad3-623e-4a42-b111-cf3c385e4092,,1689
e27fdca5-c7ee-4bae-9119-d732db448f35,,539
184532bf-a304-47a7-b23b-58e7fc77ecdc,,141
ee2ebe65-c65c-404a-ad71-c0d8db51bc89,,6496
2acbc77b-a197-41ff-b97d-e81b11aa9637,,174
dd1af3f6-a566-41d6-adf9-ffc3ca6fc4e8,,29254
f5945485-3ab3-463f-a6b7-08e6576538df,,469
0acd3022-26e8-41a7-aa56-604b5104fdaf,,2037
fade6a7b-fcb3-4a91-9586-1e7d4931a53f,,349
aacaad5e-c9ad-4959-a905-16a1debb2dbd,,1358
4764f86b-1df3-4fe2-832c-49deb999aa6e,,3615
fb6f11a1-0bb3-4641-9907-8c63a33eecee,,97
4f616a9c-b344-477f-a15d-a493233f5eaa,,1
7c096222-65c0-4d1c-add5-3644386e64bf,,174
6df16580-86d8-405f-ba3e-db385af266b2,,6
8c91881e-3e11-469f-8c3e-d2a64ee451b9,,360
392713ae-062a-430c-8e28-ad43c5fc0231,,9511
b271a5df-c425-4413-a660-50768462f1b8,,276
4a91d801-d666-4432-ac6d-9b3ad98576d2,,1885
ddd035da-8d44-40e4-8a17-760e02d4c3d3,,768
8f13f6f0-f39e-48f1-a01f-fb62f6032823,,1973
4f1e03a1-2e8f-4502-a10e-26742e97f79e,,883
f7e8547f-ebcf-497e-8733-d8c32359661d,,43
e9542f80-bc8d-468e-869a-2833e1651948,,140
af0cc416-0e10-47d1-b715-a2edab8f3d09,,1019
38c2a5b2-412b-43d7-9986-a755e728a96d,,1526
b1e2cd3c-9a0d-46cf-8158-3004ae3fa658,,997
d306bda7-9927-4afb-b7e2-c26b1b6a872f,,406
507d68c0-38e6-4a10-b0a2-e53fbe5761ef,,284
119d3df4-b51c-4232-97be-6f9a77ee81e0,,337
557a7edc-8ac1-4c2b-be1b-a406763907be,,3757
28da593a-3b80-41a6-8dd2-e16cf7a9b410,,1929
22020890-b120-4caa-9829-c935049a4264,,1023
dc1c25f1-7f50-407a-9761-1025ef042a83,,14081
c5903f60-3159-44ba-832b-d2eb4551d1bb,,534
d01f6710-f2cf-4aef-a9e1-a5adae53c7e3,,2437
ec42270b-fcec-4aec-8695-cc6fb588a44f,,43
3634df06-e9ec-418b-815b-0c7ef462f0a5,,249
e5d22169-9b47-41d8-8aa4-cc118267582f,,244
c683c71e-524d-462d-a914-6448c057bb60,,10
f4edee63-f67d-4c09-8d3d-431d9e814395,,1489
0dfaebdd-a3d5-4329-9548-44556a8dbc3b,,1
b62f61a4-35ea-4772-a06c-1df3bf58f649,,577
0e5181f3-c0c7-48cf-9ea0-01000fc4664c,,70
f7688ae1-d68b-46cd-83d4-e5b0c03cb39a,,25661
682ab723-f292-4836-bccb-56ee32fbeae8,,336
a0988488-b8bc-4602-929b-a39b58cbd018,,78
8728f7f7-8614-4d71-ae73-6230292a1def,,390
f08b7335-76e6-42f9-a402-ef31844e34d5,,550
cf551a4a-66a7-4eed-a5ae-2cababf98806,,2395
03963dd7-be8c-4399-a435-62475cbc8c6a,,1746
6ebf9ee3-d2bc-4c34-8d75-c38248367394,,577
e857bfcf-843f-4f56-8819-80e6337eebae,,775
1ab120f6-4824-46dd-b2e8-889623407f97,,8584
c97507c4-e87e-4967-a2d5-4be8b7ce65e4,,3629
7d5d8cff-1d43-4b46-bfaa-0d8357c8b003,,2151
a74f37df-b69e-4110-828a-7b1ba895afcd,,5224
dcb48c55-377a-4a0d-bd67-1466961be140,,8857
61001435-0cf8-4105-9245-c04b03f24074,,788
64c42739-9a4d-4799-8b99-c95e8ba3d35b,,117
a18d54ac-f497-4817-bf22-a1d139904512,,8617
42fab8cc-ea29-477c-b9ad-f8fdf1603421,,222
169d3671-9931-4dcf-b2be-ee447d844e4d,,1230
cb97fca0-cd3e-4bb8-af8b-e0232232fa24,,278
b4e84aee-9ec3-4877-a641-fb24fb17f019,,1523
5af590ec-d0db-4129-8099-0d5a95f5c7cc,,5962
74f20a08-9bb2-47f4-a95a-0c50dfd9b846,,4593
e1acea08-392f-4045-bb16-1ac372b4f9f2,,120
5d3d84a1-baaa-4cb2-9a1a-4a6d4ea85412,,7992
15ec2566-4707-4369-a7d9-f5e81801cff6,,5629
cc53dca6-c710-493e-830c-e8f340bd294c,,4512
a6159479-daa3-4d99-b4c2-a8c6ba9b6cc1,,5668
91cb730b-055d-4738-9afa-fa02110a7e5a,,493
76212d5c-350a-4fa6-bcb6-885d086fc664,,2082
a33de83c-3e80-425e-a931-b9f74d171f04,,3787
262744b3-61e5-4738-a17e-697ab52a5a6d,,1056
edf90e79-c0f1-473d-b16a-90899c4a0470,,9746
c6819d50-f00b-46f9-a33f-50b73e555a96,,585
237c1369-a0a2-4fdb-842b-3c5bebde0d07,,3218
4e3bc5a2-d909-452a-bd1b-74b397cbaf42,,6246
e6072f12-b1a8-4f88-9543-c9fcb625715a,,3247
bf7f15cd-f416-432b-9e0f-06be803211a2,,10361
c00055cb-798d-4f14-b4f5-cfc4a5d6f54d,,721
95c89ed8-8272-4b88-8a86-1d4a3beabba6,,2287
e8d03c1f-a397-4c22-9f18-a37bdd3761ea,,732
b922d6e4-904e-4ee6-8b5b-15d77dac99cc,,4804
738a5f50-e531-41be-8d21-130210f86241,,447
28dd97ab-8d7e-4adc-b895-ae4118af8b93,,1751
5f4fa312-27e5-4954-8761-ebd9ae9f8a5c,,1646
16d660ca-27dc-4c11-9e30-af7cf3345fb8,,37
e4b162f2-6901-468f-9741-536a20c4f59b,,3643
913bb006-4a09-4ef3-9eb0-81cc9107b4cf,,369
0c8606bd-e405-4397-b7c6-ed1d71e11e91,,5
080d7fa5-7586-4e18-878d-9405d6b39de9,,607
90554822-d6a8-415a-8aa4-15ca0e749a02,,4814
864f4071-0079-4f23-964f-60ac0b8857d6,,390
5d1f84dc-4655-4947-9760-110fd041016d,,45
5d1f2b4b-e41f-4efc-bd2a-5aa29388330f,,68
e4dcda83-6365-4095-9275-71638b518848,,1801
251394da-3931-47c3-9c5a-aea8ec82e168,,12719
7e24ac53-5675-41d5-8484-8a6533d6fde6,,4213
eb5fb2e1-dd4a-4007-a005-9a8cf09a8720,,660
f8ae8286-a24f-4b4c-baf0-ace78023d277,,6091
70c96b2a-f3a1-4a33-9e62-b858dc686e1b,,250
cec01358-b112-4cf0-ab7e-89b775beaeab,,11923
c195655d-4db6-41b8-99ef-a75a272447da,,3089
94b1497b-22b1-4056-a131-1e8e162628ea,,1856
8d1d43d1-beb8-495c-b1d2-99bfa72dc650,,679
87423bf9-c5a0-4d5b-8ba7-a9eb6d2688d8,,3281
f1bb0906-3905-47a6-a0aa-b2381e7dadf2,,2098
22919208-5915-4385-aa69-d25ea61ec6c5,,2059
5ee1abda-4f9c-4c73-a472-5ed36c592bf1,,3143
45087e36-ad2a-463e-92b4-c727dcd6828f,,2601
2c47f668-1c52-470d-9ba1-1798cfb7cc80,,458
91544b0c-05d3-4a78-90b0-5670bab33270,,6209
8d87f0f2-bcfb-44e2-8c91-3ce32ad871d9,,768
4d6f8226-e114-4eab-bcaf-bec8f1a3d813,,1890
de105e63-4c37-407a-bc0c-e48d83673556,,27844
5a44099c-89a3-409b-96e2-d61638d213a1,,481
06b35662-5331-409f-a659-4aa48963ff41,,844
a64c4c2e-d97a-490a-bb67-daec8f7fe694,,1699
19ff449f-f413-4bc8-9397-3e13bda04c0c,,2166
57a1010c-7bf2-4afc-99b0-724b59a6b3fe,,1500
5819dc5a-885a-45f8-b7de-dfad50f81465,,11026
e52fea2b-c7f1-4fdd-aa2a-1d728cdd219a,,9054
4268b6e4-47f4-4f68-9042-81b65d830d2e,,4482
5dd479fc-be68-4819-9777-cbccc15a8946,,13345
b3a21d43-baa7-4bb0-8833-058863afa352,,80007
def27d82-55b9-423c-8498-83059bf8af23,,29185
9ccfe77f-01c1-496b-a380-2789179519e9,,567
d3708ed7-6535-4e2e-8dab-aee69007f352,,4880
fec06c16-0b29-4425-8845-092f2e91a5de,,6185
4114dc2d-6765-4213-b97b-f3ed42918c8c,,2248
9d2f7cbc-7cdc-4df7-a203-4dbb22d2798e,,6966
552696e7-d381-4996-bdea-c4171dfaae1a,,7133
668f4cfc-cc66-4f17-8bde-0299bb756ed4,,7177
6ab53849-9ce2-4b23-8354-6db46f6d64cb,,350
1e15eaf4-2241-48a9-9ea1-1cdb28ed7844,,3381
e67e20ac-23b3-4981-b389-2885d76e83a9,,1124
c0494064-6346-4773-8bd9-ad4c5572cbd5,,17
c94118c2-3d96-4c7a-9b68-b7a891b63479,,904
5d6f3bdd-092d-413f-872a-33e815f93638,,9297
b70478dd-484a-4bee-8c5b-9d02e03e139f,,12619
8ee90d72-8de4-449e-87a6-8bac7a7a284e,,704
3fb3dc72-19c4-447a-beaf-cbf5eb1c17b0,,6917
c223448e-5429-4e13-91a3-0fb3082e441b,,3616
ea863e2b-cd3a-487c-ab5a-3bc4424cb2e3,,20
e589e0c9-1656-4195-baa8-18215c4c5bd4,,1469
4ff6437d-e520-4144-96d3-7a5a750a9a7f,,1799
8056595f-6642-4b41-877f-94ed71ffc2b3,,586
df22e123-af02-45c5-92a7-7916da4e67b9,,5530
e8b80e96-544f-4877-81ed-d494305bccaa,,10063
a82cc695-19fe-4788-b647-cfcf5470d527,,20874
7e0690a1-3dce-4d91-a307-6c7964f01706,,10448
2e2a8d8c-75af-426c-94fd-1fb1a0ab29f2,,428
1d258244-777e-4a5c-ae4f-3c1d2bfe7ff9,,4508
800e1d0c-dcb3-4e1f-b00e-08954d262448,,3982
67dc9a97-628f-470d-bac4-541168708ea3,,1190
25c2a98f-c55d-4cfc-90b4-c01e87a50c9b,,15482
23875157-d10e-4c11-b675-f08841767ac4,,1147
c5eb8718-f53e-4e81-9f8d-6fa6dfb9dea4,,3005
a6142724-1a67-45ad-a196-af1adc89db53,,31
ced693e0-09b5-4db9-9a42-66869cfd05e3,,1067
12dbc75c-a555-416b-99ff-1528ff1b1dda,,1276
5d27ac76-f25f-441d-bd45-8d8c702357ea,,8912
fb9d4b2c-0ad4-4e8c-83a5-01fa5741a8bb,,3268
7913f10c-ecc4-4268-a13e-9330454c3984,,205
ddff0270-8d14-491c-a228-3622e336c03f,,2346
76858ee7-20d9-4e59-9a02-bcf1909fd54f,,4419
3fd15428-3f29-4822-b40d-508787d06eca,,5127
5dc84dfb-d93c-4787-9718-809bc521cd2d,,2
c6bd9fc5-d85e-48b5-b088-93c30fba3dde,,41492
d87fb3cf-2b4e-44e2-9ca7-674bfbf02321,,9621
abc55b55-b286-41f4-9ab3-18a653cec8a1,,390
f87b08b9-f767-495c-a8af-c3a9c9e3e351,,6
8de3c9dc-16ee-41a1-bf5c-6d57ad8909e2,,2943
6b82e98c-8c16-4578-a52c-f8ad3753d916,,1250
f43fc8bc-3879-431f-aae5-576d0f4fed78,,19892
8b9aba3e-e903-4b9a-8810-e0008f829d1b,,720
ae5d22f7-f7e4-4a43-8e94-26b1c47dc1d2,,906
8e56baf5-20c1-453d-ae7c-07d93409819f,,1163
ca30ade2-06be-4a3b-9d37-8dd9a3628fc6,,4
cc2708e5-703a-4c20-8d8f-be6b2efae198,,730
e0b61544-0051-4063-8d60-090ad599a11c,,8577
07beb8d4-50e8-47dd-b84e-f62eddfa43bc,,939
02475415-a9a1-42c1-b407-593bd67d1d07,,1540
5ce80f0f-f587-4ed8-bc40-353c21b166ee,,23474
7176dff2-3bfa-4825-ae83-2b6e3dc95363,,3575
c379b4cf-a9c2-4800-9197-5c5d1d08152b,,5238
b9321901-9035-4e57-bf18-0022f27f3aad,,6544
472fe383-22cf-4cdc-b53e-1e7116443431,,2290
712bf481-2327-4eb6-aa61-678ecf40de35,,3052
9515d9a1-770a-4171-9f81-b194cab4cd0a,,4461
479914bf-3f89-424c-abb8-2ddefbb7127b,,12571
ea8be455-f794-46c8-bce4-b07e1d8f0da9,,16920
cd2e30fa-01e6-40c1-972d-8c4dc0c27ae6,,4597
9b0701ff-112c-470e-8ce0-e25bedac1f3f,,1334
ebd9b569-69ff-4db1-88e4-6b900d07b050,,2297
7e376dc5-d0e0-443a-80f2-2bee94148c18,,1374
9a01a4f6-2295-4a12-abf6-eaeb265cb9e3,,9937
2b1105d0-8369-4e49-a2ba-5ca33dd2c59f,,8598
84710c12-0077-4d85-a7be-79eb18170305,,4050
14f704cd-f7ed-429d-9961-218d8471d127,,1040
51e2dd24-416e-4ca5-b729-f69a9629a1e1,,13
cb78df5c-1d31-4983-8c19-3c0204aa1b1c,,9132
ceb1ae63-0072-4e51-81aa-48368144e0cc,,636
da3d8e45-6cb2-4eb2-92a3-c9079a335b78,,47437
69598131-ec66-4220-87d2-c7c3edcccf29,,15634
6b7da47a-001d-4e22-ae36-0e9ad0b6733e,,8765
9fe324b1-e5f7-4c30-ad97-af9803c2cbd0,,3362
8ac36098-3a5b-4ce0-b370-f25daba02041,,1348
c1ede791-7ad5-49b2-af93-cb8481468430,,396
0fd8945e-540d-41e1-8393-f57bea70738d,,17804
b5a3eba7-2ddf-4525-a564-50cfd60a2589,,1082
c140d977-4644-41e1-b765-e217e155b74d,,26523
82d56067-8284-42cf-8029-304fbf40136d,,4159
a78660c3-f727-475b-8568-4df1eb3c3aa1,,1240
c0ecb3fb-6bd9-455b-a79a-455080b8f967,,423
6fd0cfbb-1767-436d-9f77-de53df07253a,,169
c59d4697-95b6-487a-8087-b76713892736,,119
4a1fb42d-683a-43c4-a592-7f24c0f8f16e,,677
edaa12bf-309e-414c-9171-a6dab3b70867,,6416
e9680bfd-c429-404b-bf36-319c56d8d620,,2752
a2c1ab66-007f-413d-8006-2adb6f709d4a,,5216
175675d0-6b27-4043-9b66-28ad9d9046d2,,441
84acb697-a33a-4980-97e5-c568c4a129a2,,8813
e3428bcf-bbf3-4722-99cc-6424319d87da,,40
d75aa264-8f31-4b87-900c-83c8c6f462f2,,102
864a6f9c-6e28-4d39-b976-baf24c28a24b,,243
fadba112-e8d5-4c22-9d45-60567ffb1ce0,,61
d02b9316-634a-44fb-b383-52dea5ede7c5,,1491
b295a9fb-8b1f-4d9c-ab18-03587d5763f5,,1920
a88dc2bc-621a-4e3a-bd61-427bdbe2132a,,795
e2ab1fdf-dec0-4f56-8b66-c2c38dc019e6,,831
e8bfbf34-671d-4e69-8b9f-4df00a96ace9,,2288
63b95a06-5b73-4d31-879a-964e19adf6f2,,5222
8e883a0c-c283-4c99-b780-0338264a3bdd,,14869
ccb71824-0f1a-43cc-bfbd-1abaf003b7a0,,1486
40f4e8e0-7a14-479d-a5e5-07f179fd86c8,,2014
603eaf59-915a-4b31-bc1a-bcf5e7541400,,2797
c388783f-a5e7-4bc4-a920-dcfc040f2cbd,,4833
8d68e703-3130-4970-97cf-fc2d7aef41e1,,17439
ffc01fab-33bb-46f8-9160-a56951978c50,,12274
45d77ce6-a239-49c9-ab01-1508de16562b,,15406
ea631a53-2107-41ae-8f14-247798ee70fe,,3112
36b45168-4b3b-4a6b-8508-05edcce9ca3c,,1938
c8f55bb2-dd92-4b38-b5e3-a97b3dedbc8f,,6573
cc881c13-3aeb-4854-9d3a-dd04b81547c5,,811
23652db0-849b-41a5-8e65-5950d805eb21,,572
90520461-70b0-4cc0-bdbe-58ed1b45527c,,1292
95b4b027-0d61-440d-b345-1d7ebb854781,,16466
fe6afefb-fb95-44a2-8ab4-49dc4fad46f1,,3266
a09357f5-9ce8-4b80-9ea0-d7fb8137e690,,957
1a01a93f-c74b-4ade-abfb-f5abb373078e,,1959
5f304aa6-6d09-4827-83a7-2dead5df6289,,661
246c7065-fb6e-4117-a698-95b3a5d69ef5,,1051
2290a330-deb9-48e1-9a52-03f5277f24d2,,613
f0d09e03-b2d8-4e15-94d1-d2383bbe33b1,,11442
b7807358-4f5f-49b7-9236-b9cd8305e00b,,2154
04c2bb17-cc89-40c4-b314-09cc3f38a9f8,,101
5da07407-90ba-485e-9ae1-35665af74955,,3968
79755363-bcdb-43a6-b285-758d4fbc2d0b,,2143
ceee624f-8e08-4a55-9a84-d845d1998483,,987
b4140774-10f2-4fd6-898d-c3a7087044e1,,259
8b5ac22d-5623-407c-8d3d-2305cd87286c,,728
e3bca3eb-eaee-4de4-a118-4135879ea6c3,,499
761bf8fc-3ee7-401b-9e50-f2403b5f15e0,,29
dbd8d860-1d81-4938-81d7-80c1c2118be2,,4201
70c5eb4e-0485-496b-8d8c-07a78346221c,,2038
3ded0580-f724-4321-9224-895635e83f56,,1
c836210b-b958-48bb-9b6b-685f540b08c9,,5363
deb847da-7cc1-42a5-9e4f-597c85d57bb3,,2080
d84b6147-d529-49ad-9204-ccae1c814f43,,6368
9f92c657-17ad-4bc6-9283-ba22a997d68e,,23506
f181fd3e-616a-4b33-9970-a3fc14044d5a,,3047
9de093d9-bf5a-4d09-a072-8131b224d7b8,,5091
d08a26f0-215d-4e38-b3fb-9362acf04dc7,,0
f5c7d2f4-c68d-46a2-9014-7d688070a312,,46381
02052d8c-9f3f-45ce-af18-7235e8bbff6a,,249
89b529f1-c3de-4e8e-bd82-5037ecc8da62,,6996
badbcf26-beb6-4bdb-9d5d-19ed196c8434,,1544
294a58b5-1e16-4220-82fb-f302cf442fbc,,6164
141bdab4-35c8-47ab-93a7-4c55cc428ce4,,3975
e64ebbb6-f806-4403-bf94-58afb7097f41,,2789
aef73f67-4d3c-4cff-ba8e-8d16b566d964,,1237
01b82f4c-5be6-482a-b5aa-a4efd6b08058,,8796
942fbee5-e8db-435b-9640-efdabbcfbb38,,1270
c7eca498-6f10-4a7b-b0ec-ef19317f02cc,,2700
2985df02-d349-4cab-b8bd-25455c840388,,2642
01c2011d-c9b4-477c-89b5-c1bfbc8bef3c,,26664
ad744bc5-a2c3-4e7b-bfdb-d7f072776dae,,2995
6910cdb5-1ff5-4c7c-aa77-e8c2bb957fb2,,540
a5cf7076-3645-4ba8-971b-566e97aab2cd,,3540
c351dc8e-dd7c-461b-9f91-e3c18677c814,,306
84409449-d335-4d80-aefb-54e9274b95ff,,3813
f5d30416-f249-4039-90d6-d468d2c055cd,,610
45eb99c4-e710-4d72-b989-483aa8cc20e6,,397
491c6560-104d-43c1-a228-ba50b9579f01,,18997
e1bc36fd-9dfe-4820-b325-5b9f9268dffd,,22884
67e20d7b-1552-4ee4-9956-ae1a2d76422c,,45212
e756e3d5-78be-4f4d-be20-d46f3507e9a1,,2061
9bb03cfb-43c0-44fc-816f-934e38c2746e,,4197
fc29844b-e76f-452b-98b5-70d884a5d77e,,125
13c0f8a7-5ed2-48d4-97ff-2599718be122,,5781
e0f012c8-1621-45f2-aa6d-eca5db8fd08c,,5166
4b45a231-ad50-449c-82bd-88af849ac4bb,,592
91bf2d1d-3a71-47e4-b7e0-98765d5e523b,,4939
c4244de6-10ae-486b-abc0-ce778ce34931,,234
cc3305b8-e574-416f-8245-e5e4f1ab8104,,2849
9f71b26f-297b-4fe0-890e-51fb52f5d45a,,2
4a3f2b0b-4c90-4702-a765-9c32dc5efa4d,,1171
fd8414fd-7475-4c7e-ae89-b78ac0c1b71c,,17
802fdf29-2271-44d5-9e02-1720c53d0a51,,937
c3bf95a7-1819-4370-8115-d0cb28c08d47,,388
e83eefe7-2fba-4ca3-bc8b-c639998778d1,,11044
ec9d8b13-ea2d-4633-89bc-322bab7a28a2,,929
2f917045-611d-476c-912c-0398477e314b,,3517
b1a1284d-a69e-42a7-a5bf-7bd293d01356,,3122
be60f609-f76d-4c36-b384-5e2e83f20737,,52
cc46df78-c20b-4586-8c6b-6818c7ff53d5,,2233
c7f946c8-44e2-4a23-9e52-101f4325c791,,8569
99e2115e-8a73-4654-99c4-3996fb65610d,,68
99afbe8b-4cad-4827-941b-e64be1f4a5fb,,23511
acf2ff3b-5cde-4ff2-a7bb-4fe3f9a384a0,,3310
79fa35b1-b8ea-42b3-b7aa-a9338c3e916e,,2616
08ae2c3d-f4a1-4358-9999-2d3894d1f186,,618
3311f1bc-0844-4ac6-b527-2c88255c38c5,,4797
99bd9200-57dc-4aab-b8dd-7ab1c40c4ec0,,1666
7da4d669-bfc2-4b1e-bf97-195261f6a337,,26
42011b83-7007-4659-abad-b4b28d5a248c,,6323
89344e3c-435b-4e3c-8bcf-3c3e93ca7f1d,,5142
21e0f7f4-1736-48b1-8cbd-bb494a26df61,,1732
b4108785-ac2f-496a-a3df-ce1f277cec52,,1509
0be3956f-2ec7-4c21-9386-955d6c5bc4be,,31086
932755fb-a0db-4af7-b9f3-4543f6084b9a,,3848
fc167cb7-d752-4a84-81ae-6800b4171440,,5363
6783b4a7-3e2c-422e-b6d7-aa58c3b5388d,,4
02d8041f-a47c-4c5a-ad88-b39c9234a27d,,13185
ece7cd1e-d6cd-492c-9695-611bb14e6643,,4203
b9d53268-2302-4eaa-a164-04cd2a769e56,,2
0424d8cd-4d7f-476d-8260-213aa49d2fa1,,2453
caf125de-96de-447c-a24f-a4aea0eb2801,,5190
2401481b-6ab6-4408-8a5e-2eb253ace97a,,3366
e4c14c22-e9f6-4efc-9ed5-4305d90455f0,,4171
deae6c84-3768-462a-a25b-4ede5e0c6b4a,,208
495e74b4-c2b3-47fe-9e26-d259f611e071,,3120
17f5aa93-b09f-4ee6-a9f1-e4de732dd61a,,3740
2f8c6e7a-b629-4885-acdb-27eda3a04fdd,,2973
fc20cda0-4cba-4390-b28d-58cd5b75b885,,199
48fd7c9b-3c03-4d69-a1d8-597cf23121e4,,793
b30d9f36-be46-468a-ae42-f2be5d40406d,,1510
c9e79a98-f69a-4694-89cf-262832c47e06,,728
79da42c3-e6f4-4175-8704-f98816a85f26,,620
2b840661-3a1e-4147-97ac-918cbba9f460,,2587
cc7cba86-6975-4bc6-8983-f4420773a7d0,,4391
56270b41-fece-40d0-af6d-40df95900dcf,,680
598bff31-8435-4100-8277-11f711e3a4f4,,4173
a664a800-30dd-4868-8361-66ff65ece393,,1180
486ad7b3-968a-413c-8221-057733e02a43,,9635
b2c70b60-7f03-4bd9-9248-0d2a3c775d7a,,440
31745221-fb85-408b-afa5-515c3d2e2eb8,,1943
0cb8364f-e14f-4d29-83d6-2454bb366f89,,4192
953c14c3-2dda-4e66-9e3e-ec8ec158afc2,,197
0229ee34-172a-4e6b-b7cc-8093023a869d,,6066
dbbf3ae6-62b2-49a4-9e9d-4c2556d1d07c,,303
17128fc4-5a7e-4c38-80eb-b74e30578d15,,79
8c951e89-6998-4e21-9234-bc253cc63fcc,,7395
bccda867-bc7d-4aff-b542-69a0ff9b8e6a,,893
c95a8fa7-118c-4bc0-aaa1-baa4c8e12cec,,2413
756c7b22-00fb-4375-a8d5-d43acbce84bc,,272
980c142b-354c-42d4-a487-d1257711c068,,1385
fe8be25c-b288-448d-bd19-7ebf68cc3faa,,580
57c2a8b9-f575-4e1a-b64f-eeacc05bf496,,240
b4a589d7-4d3b-4652-b95f-3ff1d560a34f,,786
1483f1bf-ffd8-4ccc-8349-ad45d531b10d,,2346
4f931bbf-d6ca-4ddb-80f1-b5a599b98e10,,10480
c2b2c26c-f683-4d81-a49b-b1204f1e405c,,1812
9541d890-2ddc-4d43-ac88-dcfe8c035091,,8146
2aa5eef0-5841-461c-9921-99b31e45878c,,3963
16fc93c5-6a38-4de9-b9f1-bed2d5f23dce,,1138
18ea2176-2bde-4574-ab09-edf79530c294,,2254
379dda8e-3d0a-4017-90c1-2c486aad87af,,3038
a5746d21-3173-47f6-9933-2e612177715f,,1069
ae428610-4bb6-4285-b023-5bcf956cae43,,9269
27ac15be-6eaa-4356-a3c5-32eb35340071,,126
99f708f3-1b5b-413c-a192-ca5d17c8ea60,,2024
b55570f5-e71d-4969-a4ec-34caea4c1c2c,,351
e3de4726-593a-429e-a09c-c2e9de766adb,,4381
c4661fe3-421f-4c3d-ae66-f5adcb1f050b,,11669
b97af0aa-6299-4c10-8ba9-9f3a6f93dd64,,498
76e9b30d-d5ac-49c3-9761-28f99bc45eff,,1526
36391bb8-9908-4d95-903c-cf548bce3699,,829
da2651d2-a4ab-4f89-9100-f719eb15e832,,1797
06f3df44-2c83-4c58-8dd0-a94832460ae4,,1474
db730712-35d3-41b8-a0b6-06a4c00470b1,,25
40399df9-f085-4959-9e22-3ba278b4fcd7,,517
616178d1-4eb2-437f-9e38-945574c14e29,,6464
909eefd7-2689-4adf-aa09-69ccc86669a9,,2584
a9ec78e8-279e-43b6-99a0-9485211c4bf1,,2729
a4acac6d-3654-48a9-b8db-5b38ed7a5a3d,,2628
68b20ad8-5dc9-4213-9f03-010bcfa29405,,377
1228892a-bbb1-4d10-8205-a4c5d1b363a5,,229
2b7fd8b3-5123-474f-9ebd-ff75aa00e041,,2153
7285b8f2-6e8b-4b2c-828b-2552ba0e9e4b,,819
dcc1194d-59d2-4609-9a1f-c61f018b2b97,,8249
4343117a-2dd4-4742-9f8a-2302f012869e,,15751
22e90d0e-80d9-4e78-9e81-8727c8f5d50c,,1583
4b46f279-5b5b-4ff9-bc9c-618456e66d7d,,6777
5db5de4e-ed72-46ea-90d1-dfd2932b1660,,3307
01de4383-ea7e-45ce-8b25-165c3b857c67,,749
71cd2b28-54ba-4c29-94c3-c383eabb17f1,,752
51695f3a-a9e9-425a-bf9b-60fc5ce12ea5,,1416
3a1cf542-50f7-45cd-a083-d24509a24a1d,,6122
79c7044a-18a0-44ae-8959-3e239161d462,,621
831b84e1-d6cd-4bed-be5e-3ccd5c719ff5,,956
429593a3-7584-4362-815d-c68cbdfd1aee,,4072
96e96672-a545-44b9-a03f-aabfc933701e,,19313
c93a8f00-15aa-4c72-bee4-1b52105e6a76,,19167
ba763fbf-a201-4c50-b30e-0c971898b479,,114
d5ab772e-eeb2-4cab-bb28-1f0840bb7368,,43
b58fec2c-0a23-4651-8603-fcb2935e77d1,,5907
8cf57351-d2a4-4ef7-a507-1375e9affb6d,,2589
38f649d3-e3e3-4ef9-999e-28ab6953026b,,6443
0e110964-fc39-4854-b4ca-596bbbbeb05c,,259
f973b370-6929-4a98-854c-be6f1f0c5fb9,,3810
751c9864-34ce-4b87-a33e-798e09c667b7,,14836
bfe6a79b-9d4a-4b1f-bec9-76f32ce71eb5,,12
b9b33fd4-eea1-4165-8104-91057563b74d,,740
c4eb42b9-1308-48ea-92cb-8f01ab0ad9e6,,572
9a96e9be-27e0-4e0c-9263-01b3b65836d6,,85
136a2085-a90e-4bab-bde3-e36bae145444,,18180
2294d715-7d45-40a7-aa25-0e429d2ff3bc,,5658
27091a54-4540-4774-a56c-ee902f40ae63,,1870
9c698540-56de-44d6-8180-bce774476a9b,,13602
9e8d5156-a503-4926-93d6-216bc505459e,,7999
74a97d00-a239-44a7-ba4f-14009022992f,,2995
ad3059a0-2350-4977-8c9d-9c178b05f035,,20131
9b6f574a-93e4-489e-b520-8c4dd6ac0461,,28913
4ea1e42c-acd6-4916-8af6-9e38df725eca,,2572
0116a71f-53cd-4611-b454-0976bc7fde06,,4149
8d6cd392-9f8b-48a4-bd99-9f1582d57f63,,5902
958f096f-1b48-4f86-8906-e3f1b7349036,,86
a9eb1347-abf7-45a6-83cf-3c84914d4ff2,,6990
ea9321d5-7c75-443e-b020-6ebe789526fa,,12884
c002f100-0501-4b93-be82-9f33d994a614,,415
5833c6d7-78da-4bce-b438-fbae1ebdeb90,,83147
7cd133cc-0112-4f46-9dba-55debac08ec3,,45236
ff3692a5-c475-4280-8a9b-25f03841129f,,6049
59b6a135-cabc-41d9-be6e-8c90156a0aab,,5329
15937a50-72a2-4c26-81f1-9c15051f65cf,,9661
01b62312-bc04-488c-a270-286a3d5aa352,,203
b1422b75-8e01-4d4e-9bad-835af5e65b09,,445
9014c2ba-cbf3-4947-bc3a-9a5cbd53994a,,3275
c4721b4c-1a6e-4f98-9cbd-e08b3546ad04,,43
2d51dafc-5587-4c6c-aba8-13e7e17002cb,,10118
d1a4eb7b-02fc-4d29-a9ad-cbdd14d7129b,,1570
9f886e29-4f58-492d-bc5c-f63f265c4057,,6340
81b6337b-70cb-4033-8027-13c1823e666a,,11422
577e512f-5fec-4f76-8183-177b25589219,,22026
1b484cf8-45e6-461d-8819-55ad4b75bfc1,,16263
f5b66e49-ab1c-40cc-b440-a836631fd3a3,,328
316317e8-16d1-40ea-a9e9-24960140c1a8,,3368
e94cf556-7b89-4970-abb3-b3ddf1e3ea68,,5820
ed5b5af7-73f2-4f3c-86e1-1441ef0b8eb1,,9093
489164b5-539b-4925-a6f6-ec0570c296a5,,2742
97f3ac3c-39f5-4c5f-ad70-cef6e62a37aa,,3632
57007e99-83e6-4487-b0cc-2361de7c300b,,138
23120719-6d5d-4646-a3ab-832a832713c5,,6795
